team1,team2,toss_winner,toss_decision,venue,winner
Rajasthan Royals,Sunrisers Hyderabad,Sunrisers Hyderabad,field,Hyderabad,Rajasthan Royals
Lucknow Super Giants,Mumbai Indians,Lucknow Super Giants,field,Mumbai,Mumbai Indians
Rajasthan Royals,Kolkata Knight Riders,Rajasthan Royals,bat,Jaipur,Rajasthan Royals
Sunrisers Hyderabad,Kolkata Knight Riders,Kolkata Knight Riders,field,Hyderabad,Sunrisers Hyderabad
Chennai Super Kings,Royal Challengers Bangalore,Chennai Super Kings,bat,Chennai,Chennai Super Kings
Kolkata Knight Riders,Chennai Super Kings,Kolkata Knight Riders,bat,Kolkata,Chennai Super Kings
Rajasthan Royals,Gujarat Titans,Gujarat Titans,field,Ahmedabad,Gujarat Titans
Rajasthan Royals,Mumbai Indians,Mumbai Indians,field,Mumbai,Rajasthan Royals
Gujarat Titans,Sunrisers Hyderabad,Gujarat Titans,bat,Ahmedabad,Gujarat Titans
Kolkata Knight Riders,Royal Challengers Bangalore,Royal Challengers Bangalore,field,Kolkata,Kolkata Knight Riders
Kolkata Knight Riders,Sunrisers Hyderabad,Sunrisers Hyderabad,field,Hyderabad,Sunrisers Hyderabad
Sunrisers Hyderabad,Lucknow Super Giants,Lucknow Super Giants,bat,Hyderabad,Sunrisers Hyderabad
Delhi Capitals,Chennai Super Kings,Delhi Capitals,bat,Chennai,Chennai Super Kings
Mumbai Indians,Lucknow Super Giants,Lucknow Super Giants,field,Lucknow,Lucknow Super Giants
Gujarat Titans,Rajasthan Royals,Gujarat Titans,field,Jaipur,Rajasthan Royals
Lucknow Super Giants,Kolkata Knight Riders,Kolkata Knight Riders,bat,Lucknow,Kolkata Knight Riders
Chennai Super Kings,Sunrisers Hyderabad,Chennai Super Kings,field,Chennai,Chennai Super Kings
Kolkata Knight Riders,Lucknow Super Giants,Kolkata Knight Riders,bat,Lucknow,Kolkata Knight Riders
Sunrisers Hyderabad,Punjab Kings,Sunrisers Hyderabad,field,Mohali,Sunrisers Hyderabad
Delhi Capitals,Kolkata Knight Riders,Kolkata Knight Riders,bat,Kolkata,Kolkata Knight Riders
Mumbai Indians,Punjab Kings,Punjab Kings,bat,Mohali,Punjab Kings
Punjab Kings,Mumbai Indians,Punjab Kings,bat,Mumbai,Mumbai Indians
Rajasthan Royals,Kolkata Knight Riders,Kolkata Knight Riders,bat,Kolkata,Rajasthan Royals
Kolkata Knight Riders,Punjab Kings,Punjab Kings,bat,Mohali,Kolkata Knight Riders
Gujarat Titans,Royal Challengers Bangalore,Gujarat Titans,bat,Bangalore,Royal Challengers Bangalore
Royal Challengers Bangalore,Mumbai Indians,Royal Challengers Bangalore,bat,Mumbai,Mumbai Indians
Sunrisers Hyderabad,Delhi Capitals,Sunrisers Hyderabad,field,Hyderabad,Delhi Capitals
Kolkata Knight Riders,Lucknow Super Giants,Kolkata Knight Riders,field,Lucknow,Lucknow Super Giants
Royal Challengers Bangalore,Kolkata Knight Riders,Royal Challengers Bangalore,bat,Bangalore,Kolkata Knight Riders
Rajasthan Royals,Royal Challengers Bangalore,Royal Challengers Bangalore,field,Bangalore,Rajasthan Royals
Gujarat Titans,Chennai Super Kings,Chennai Super Kings,field,Chennai,Chennai Super Kings
Royal Challengers Bangalore,Kolkata Knight Riders,Kolkata Knight Riders,field,Bangalore,Royal Challengers Bangalore
Mumbai Indians,Sunrisers Hyderabad,Sunrisers Hyderabad,bat,Hyderabad,Sunrisers Hyderabad
Mumbai Indians,Rajasthan Royals,Rajasthan Royals,field,Mumbai,Mumbai Indians
Chennai Super Kings,Lucknow Super Giants,Chennai Super Kings,bat,Lucknow,Lucknow Super Giants
Punjab Kings,Delhi Capitals,Delhi Capitals,bat,Mohali,Punjab Kings
Gujarat Titans,Mumbai Indians,Gujarat Titans,bat,Ahmedabad,Gujarat Titans
Rajasthan Royals,Sunrisers Hyderabad,Rajasthan Royals,field,Hyderabad,Rajasthan Royals
Sunrisers Hyderabad,Rajasthan Royals,Rajasthan Royals,bat,Jaipur,Rajasthan Royals
Chennai Super Kings,Lucknow Super Giants,Chennai Super Kings,bat,Chennai,Lucknow Super Giants
Gujarat Titans,Chennai Super Kings,Gujarat Titans,bat,Chennai,Chennai Super Kings
Kolkata Knight Riders,Delhi Capitals,Kolkata Knight Riders,bat,Kolkata,Kolkata Knight Riders
Royal Challengers Bangalore,Rajasthan Royals,Royal Challengers Bangalore,bat,Bangalore,Rajasthan Royals
Rajasthan Royals,Lucknow Super Giants,Rajasthan Royals,bat,Lucknow,Lucknow Super Giants
Gujarat Titans,Rajasthan Royals,Gujarat Titans,field,Ahmedabad,Gujarat Titans
Delhi Capitals,Punjab Kings,Punjab Kings,bat,Delhi,Punjab Kings
Lucknow Super Giants,Rajasthan Royals,Lucknow Super Giants,bat,Lucknow,Lucknow Super Giants
Gujarat Titans,Delhi Capitals,Delhi Capitals,field,Ahmedabad,Gujarat Titans
Chennai Super Kings,Punjab Kings,Chennai Super Kings,field,Mohali,Punjab Kings
Punjab Kings,Delhi Capitals,Punjab Kings,field,Mohali,Delhi Capitals
Gujarat Titans,Royal Challengers Bangalore,Royal Challengers Bangalore,bat,Ahmedabad,Gujarat Titans
Sunrisers Hyderabad,Punjab Kings,Punjab Kings,bat,Hyderabad,Punjab Kings
Punjab Kings,Rajasthan Royals,Punjab Kings,field,Mohali,Rajasthan Royals
Sunrisers Hyderabad,Mumbai Indians,Mumbai Indians,field,Hyderabad,Sunrisers Hyderabad
Royal Challengers Bangalore,Chennai Super Kings,Royal Challengers Bangalore,field,Bangalore,Chennai Super Kings
Royal Challengers Bangalore,Kolkata Knight Riders,Kolkata Knight Riders,bat,Bangalore,Kolkata Knight Riders
Chennai Super Kings,Kolkata Knight Riders,Kolkata Knight Riders,field,Chennai,Kolkata Knight Riders
Rajasthan Royals,Chennai Super Kings,Rajasthan Royals,bat,Jaipur,Chennai Super Kings
Royal Challengers Bangalore,Lucknow Super Giants,Lucknow Super Giants,bat,Bangalore,Royal Challengers Bangalore
Punjab Kings,Royal Challengers Bangalore,Punjab Kings,field,Bangalore,Royal Challengers Bangalore
Delhi Capitals,Kolkata Knight Riders,Kolkata Knight Riders,field,Delhi,Kolkata Knight Riders
Chennai Super Kings,Sunrisers Hyderabad,Chennai Super Kings,bat,Hyderabad,Sunrisers Hyderabad
Royal Challengers Bangalore,Sunrisers Hyderabad,Royal Challengers Bangalore,field,Bangalore,Royal Challengers Bangalore
Kolkata Knight Riders,Sunrisers Hyderabad,Kolkata Knight Riders,field,Hyderabad,Sunrisers Hyderabad
Sunrisers Hyderabad,Gujarat Titans,Sunrisers Hyderabad,bat,Ahmedabad,Gujarat Titans
Delhi Capitals,Lucknow Super Giants,Delhi Capitals,field,Lucknow,Delhi Capitals
Lucknow Super Giants,Rajasthan Royals,Rajasthan Royals,field,Lucknow,Lucknow Super Giants
Rajasthan Royals,Kolkata Knight Riders,Kolkata Knight Riders,field,Kolkata,Rajasthan Royals
Delhi Capitals,Kolkata Knight Riders,Delhi Capitals,field,Kolkata,Kolkata Knight Riders
Punjab Kings,Gujarat Titans,Punjab Kings,bat,Mohali,Punjab Kings
Sunrisers Hyderabad,Punjab Kings,Punjab Kings,bat,Mohali,Punjab Kings
Lucknow Super Giants,Punjab Kings,Lucknow Super Giants,bat,Mohali,Lucknow Super Giants
Punjab Kings,Delhi Capitals,Punjab Kings,bat,Mohali,Punjab Kings
Gujarat Titans,Mumbai Indians,Gujarat Titans,field,Ahmedabad,Gujarat Titans
Chennai Super Kings,Lucknow Super Giants,Chennai Super Kings,field,Chennai,Lucknow Super Giants
Kolkata Knight Riders,Chennai Super Kings,Chennai Super Kings,field,Kolkata,Chennai Super Kings
Lucknow Super Giants,Kolkata Knight Riders,Kolkata Knight Riders,bat,Kolkata,Kolkata Knight Riders
Punjab Kings,Kolkata Knight Riders,Punjab Kings,bat,Kolkata,Kolkata Knight Riders
Kolkata Knight Riders,Chennai Super Kings,Chennai Super Kings,bat,Kolkata,Chennai Super Kings
Punjab Kings,Gujarat Titans,Punjab Kings,field,Ahmedabad,Gujarat Titans
Kolkata Knight Riders,Mumbai Indians,Mumbai Indians,bat,Mumbai,Mumbai Indians
Delhi Capitals,Royal Challengers Bangalore,Delhi Capitals,bat,Bangalore,Royal Challengers Bangalore
Delhi Capitals,Royal Challengers Bangalore,Royal Challengers Bangalore,field,Bangalore,Royal Challengers Bangalore
Gujarat Titans,Rajasthan Royals,Rajasthan Royals,bat,Ahmedabad,Gujarat Titans
Kolkata Knight Riders,Sunrisers Hyderabad,Kolkata Knight Riders,field,Hyderabad,Sunrisers Hyderabad
Kolkata Knight Riders,Mumbai Indians,Kolkata Knight Riders,bat,Kolkata,Kolkata Knight Riders
Chennai Super Kings,Rajasthan Royals,Chennai Super Kings,field,Chennai,Chennai Super Kings
Chennai Super Kings,Mumbai Indians,Mumbai Indians,bat,Mumbai,Chennai Super Kings
Kolkata Knight Riders,Punjab Kings,Kolkata Knight Riders,field,Mohali,Punjab Kings
Mumbai Indians,Gujarat Titans,Gujarat Titans,field,Mumbai,Mumbai Indians
Mumbai Indians,Delhi Capitals,Mumbai Indians,field,Delhi,Mumbai Indians
Punjab Kings,Delhi Capitals,Delhi Capitals,bat,Delhi,Delhi Capitals
Royal Challengers Bangalore,Delhi Capitals,Royal Challengers Bangalore,field,Delhi,Delhi Capitals
Rajasthan Royals,Kolkata Knight Riders,Rajasthan Royals,bat,Jaipur,Kolkata Knight Riders
Mumbai Indians,Rajasthan Royals,Mumbai Indians,field,Jaipur,Mumbai Indians
Chennai Super Kings,Gujarat Titans,Chennai Super Kings,bat,Ahmedabad,Gujarat Titans
Punjab Kings,Chennai Super Kings,Chennai Super Kings,bat,Chennai,Chennai Super Kings
Chennai Super Kings,Punjab Kings,Punjab Kings,field,Chennai,Chennai Super Kings
Punjab Kings,Chennai Super Kings,Punjab Kings,field,Chennai,Punjab Kings
Chennai Super Kings,Kolkata Knight Riders,Chennai Super Kings,bat,Chennai,Chennai Super Kings
Gujarat Titans,Royal Challengers Bangalore,Gujarat Titans,bat,Bangalore,Gujarat Titans
Mumbai Indians,Delhi Capitals,Mumbai Indians,bat,Delhi,Delhi Capitals
Delhi Capitals,Kolkata Knight Riders,Delhi Capitals,field,Delhi,Delhi Capitals
Punjab Kings,Royal Challengers Bangalore,Punjab Kings,bat,Bangalore,Royal Challengers Bangalore
Lucknow Super Giants,Delhi Capitals,Delhi Capitals,field,Lucknow,Delhi Capitals
Delhi Capitals,Punjab Kings,Delhi Capitals,bat,Mohali,Delhi Capitals
Rajasthan Royals,Chennai Super Kings,Chennai Super Kings,field,Chennai,Chennai Super Kings
Lucknow Super Giants,Gujarat Titans,Gujarat Titans,field,Lucknow,Gujarat Titans
Kolkata Knight Riders,Chennai Super Kings,Kolkata Knight Riders,field,Chennai,Chennai Super Kings
Lucknow Super Giants,Punjab Kings,Punjab Kings,bat,Mohali,Lucknow Super Giants
Kolkata Knight Riders,Punjab Kings,Kolkata Knight Riders,field,Kolkata,Punjab Kings
Rajasthan Royals,Royal Challengers Bangalore,Royal Challengers Bangalore,bat,Bangalore,Royal Challengers Bangalore
Royal Challengers Bangalore,Gujarat Titans,Royal Challengers Bangalore,field,Ahmedabad,Royal Challengers Bangalore
Lucknow Super Giants,Sunrisers Hyderabad,Lucknow Super Giants,bat,Lucknow,Lucknow Super Giants
Chennai Super Kings,Punjab Kings,Punjab Kings,bat,Mohali,Punjab Kings
Kolkata Knight Riders,Rajasthan Royals,Kolkata Knight Riders,field,Jaipur,Kolkata Knight Riders
Punjab Kings,Chennai Super Kings,Chennai Super Kings,bat,Mohali,Chennai Super Kings
Rajasthan Royals,Royal Challengers Bangalore,Rajasthan Royals,bat,Jaipur,Rajasthan Royals
Kolkata Knight Riders,Punjab Kings,Kolkata Knight Riders,bat,Mohali,Punjab Kings
Lucknow Super Giants,Gujarat Titans,Lucknow Super Giants,field,Lucknow,Lucknow Super Giants
Sunrisers Hyderabad,Delhi Capitals,Delhi Capitals,bat,Hyderabad,Sunrisers Hyderabad
Chennai Super Kings,Mumbai Indians,Mumbai Indians,bat,Chennai,Chennai Super Kings
Rajasthan Royals,Kolkata Knight Riders,Rajasthan Royals,bat,Kolkata,Kolkata Knight Riders
Mumbai Indians,Lucknow Super Giants,Mumbai Indians,bat,Lucknow,Mumbai Indians
Punjab Kings,Gujarat Titans,Gujarat Titans,field,Mohali,Punjab Kings
Rajasthan Royals,Lucknow Super Giants,Rajasthan Royals,bat,Jaipur,Rajasthan Royals
Delhi Capitals,Rajasthan Royals,Rajasthan Royals,bat,Delhi,Rajasthan Royals
Gujarat Titans,Rajasthan Royals,Rajasthan Royals,bat,Jaipur,Rajasthan Royals
Delhi Capitals,Punjab Kings,Delhi Capitals,field,Mohali,Punjab Kings
Rajasthan Royals,Gujarat Titans,Rajasthan Royals,bat,Ahmedabad,Rajasthan Royals
Royal Challengers Bangalore,Gujarat Titans,Gujarat Titans,bat,Bangalore,Royal Challengers Bangalore
Mumbai Indians,Chennai Super Kings,Chennai Super Kings,bat,Chennai,Chennai Super Kings
Royal Challengers Bangalore,Punjab Kings,Punjab Kings,field,Mohali,Royal Challengers Bangalore
Rajasthan Royals,Mumbai Indians,Rajasthan Royals,field,Jaipur,Mumbai Indians
Royal Challengers Bangalore,Punjab Kings,Punjab Kings,bat,Mohali,Punjab Kings
Sunrisers Hyderabad,Gujarat Titans,Gujarat Titans,field,Ahmedabad,Gujarat Titans
Lucknow Super Giants,Rajasthan Royals,Rajasthan Royals,bat,Lucknow,Lucknow Super Giants
Royal Challengers Bangalore,Chennai Super Kings,Royal Challengers Bangalore,field,Chennai,Royal Challengers Bangalore
Mumbai Indians,Delhi Capitals,Mumbai Indians,field,Mumbai,Mumbai Indians
Lucknow Super Giants,Delhi Capitals,Lucknow Super Giants,field,Lucknow,Lucknow Super Giants
Delhi Capitals,Chennai Super Kings,Delhi Capitals,field,Chennai,Chennai Super Kings
Kolkata Knight Riders,Mumbai Indians,Kolkata Knight Riders,field,Mumbai,Kolkata Knight Riders
Royal Challengers Bangalore,Gujarat Titans,Royal Challengers Bangalore,field,Ahmedabad,Royal Challengers Bangalore
Royal Challengers Bangalore,Kolkata Knight Riders,Kolkata Knight Riders,bat,Kolkata,Kolkata Knight Riders
Gujarat Titans,Sunrisers Hyderabad,Sunrisers Hyderabad,bat,Ahmedabad,Sunrisers Hyderabad
Lucknow Super Giants,Sunrisers Hyderabad,Sunrisers Hyderabad,bat,Hyderabad,Sunrisers Hyderabad
Sunrisers Hyderabad,Kolkata Knight Riders,Sunrisers Hyderabad,field,Kolkata,Kolkata Knight Riders
Royal Challengers Bangalore,Chennai Super Kings,Royal Challengers Bangalore,bat,Chennai,Chennai Super Kings
Punjab Kings,Lucknow Super Giants,Punjab Kings,bat,Lucknow,Lucknow Super Giants
Punjab Kings,Delhi Capitals,Punjab Kings,field,Delhi,Delhi Capitals
Chennai Super Kings,Sunrisers Hyderabad,Sunrisers Hyderabad,bat,Hyderabad,Sunrisers Hyderabad
Kolkata Knight Riders,Royal Challengers Bangalore,Royal Challengers Bangalore,bat,Bangalore,Kolkata Knight Riders
Gujarat Titans,Kolkata Knight Riders,Kolkata Knight Riders,bat,Ahmedabad,Gujarat Titans
Sunrisers Hyderabad,Kolkata Knight Riders,Sunrisers Hyderabad,bat,Kolkata,Sunrisers Hyderabad
Rajasthan Royals,Delhi Capitals,Delhi Capitals,field,Jaipur,Rajasthan Royals
Gujarat Titans,Kolkata Knight Riders,Kolkata Knight Riders,bat,Ahmedabad,Kolkata Knight Riders
Delhi Capitals,Punjab Kings,Punjab Kings,field,Delhi,Delhi Capitals
Sunrisers Hyderabad,Royal Challengers Bangalore,Sunrisers Hyderabad,field,Hyderabad,Sunrisers Hyderabad
Lucknow Super Giants,Royal Challengers Bangalore,Lucknow Super Giants,field,Lucknow,Royal Challengers Bangalore
Delhi Capitals,Chennai Super Kings,Chennai Super Kings,bat,Delhi,Delhi Capitals
Royal Challengers Bangalore,Mumbai Indians,Royal Challengers Bangalore,bat,Mumbai,Mumbai Indians
Gujarat Titans,Kolkata Knight Riders,Gujarat Titans,bat,Ahmedabad,Gujarat Titans
Lucknow Super Giants,Gujarat Titans,Lucknow Super Giants,field,Ahmedabad,Gujarat Titans
Punjab Kings,Delhi Capitals,Punjab Kings,bat,Mohali,Punjab Kings
Mumbai Indians,Rajasthan Royals,Mumbai Indians,bat,Jaipur,Rajasthan Royals
Punjab Kings,Sunrisers Hyderabad,Punjab Kings,field,Mohali,Sunrisers Hyderabad
Kolkata Knight Riders,Mumbai Indians,Mumbai Indians,bat,Kolkata,Kolkata Knight Riders
Sunrisers Hyderabad,Kolkata Knight Riders,Kolkata Knight Riders,field,Hyderabad,Sunrisers Hyderabad
Chennai Super Kings,Delhi Capitals,Delhi Capitals,bat,Delhi,Delhi Capitals
Chennai Super Kings,Kolkata Knight Riders,Kolkata Knight Riders,bat,Chennai,Chennai Super Kings
Gujarat Titans,Sunrisers Hyderabad,Gujarat Titans,bat,Ahmedabad,Gujarat Titans
Sunrisers Hyderabad,Rajasthan Royals,Rajasthan Royals,bat,Hyderabad,Rajasthan Royals
Royal Challengers Bangalore,Chennai Super Kings,Royal Challengers Bangalore,bat,Bangalore,Royal Challengers Bangalore
Lucknow Super Giants,Rajasthan Royals,Lucknow Super Giants,field,Lucknow,Lucknow Super Giants
Sunrisers Hyderabad,Rajasthan Royals,Rajasthan Royals,field,Jaipur,Rajasthan Royals
Lucknow Super Giants,Sunrisers Hyderabad,Lucknow Super Giants,bat,Hyderabad,Sunrisers Hyderabad
Royal Challengers Bangalore,Gujarat Titans,Gujarat Titans,field,Bangalore,Gujarat Titans
Lucknow Super Giants,Sunrisers Hyderabad,Lucknow Super Giants,field,Hyderabad,Sunrisers Hyderabad
Royal Challengers Bangalore,Sunrisers Hyderabad,Sunrisers Hyderabad,bat,Bangalore,Sunrisers Hyderabad
Lucknow Super Giants,Gujarat Titans,Gujarat Titans,field,Lucknow,Lucknow Super Giants
Mumbai Indians,Chennai Super Kings,Chennai Super Kings,bat,Mumbai,Mumbai Indians
Royal Challengers Bangalore,Gujarat Titans,Gujarat Titans,bat,Ahmedabad,Royal Challengers Bangalore
Punjab Kings,Lucknow Super Giants,Punjab Kings,bat,Lucknow,Punjab Kings
Sunrisers Hyderabad,Royal Challengers Bangalore,Sunrisers Hyderabad,field,Hyderabad,Sunrisers Hyderabad
Lucknow Super Giants,Mumbai Indians,Lucknow Super Giants,field,Lucknow,Lucknow Super Giants
Gujarat Titans,Rajasthan Royals,Gujarat Titans,bat,Jaipur,Gujarat Titans
Rajasthan Royals,Delhi Capitals,Rajasthan Royals,bat,Jaipur,Delhi Capitals
Lucknow Super Giants,Delhi Capitals,Delhi Capitals,field,Delhi,Delhi Capitals
Rajasthan Royals,Mumbai Indians,Rajasthan Royals,bat,Jaipur,Rajasthan Royals
Rajasthan Royals,Kolkata Knight Riders,Rajasthan Royals,field,Kolkata,Kolkata Knight Riders
Rajasthan Royals,Sunrisers Hyderabad,Rajasthan Royals,field,Jaipur,Rajasthan Royals
Kolkata Knight Riders,Punjab Kings,Punjab Kings,bat,Mohali,Punjab Kings
Punjab Kings,Kolkata Knight Riders,Kolkata Knight Riders,field,Kolkata,Kolkata Knight Riders
Kolkata Knight Riders,Mumbai Indians,Kolkata Knight Riders,bat,Mumbai,Mumbai Indians
Punjab Kings,Sunrisers Hyderabad,Sunrisers Hyderabad,bat,Mohali,Sunrisers Hyderabad
Chennai Super Kings,Royal Challengers Bangalore,Royal Challengers Bangalore,bat,Bangalore,Royal Challengers Bangalore
Gujarat Titans,Chennai Super Kings,Chennai Super Kings,field,Chennai,Gujarat Titans
Delhi Capitals,Chennai Super Kings,Delhi Capitals,bat,Delhi,Chennai Super Kings
Rajasthan Royals,Kolkata Knight Riders,Rajasthan Royals,field,Jaipur,Kolkata Knight Riders
Royal Challengers Bangalore,Sunrisers Hyderabad,Royal Challengers Bangalore,bat,Bangalore,Sunrisers Hyderabad
Rajasthan Royals,Chennai Super Kings,Chennai Super Kings,bat,Jaipur,Rajasthan Royals
Gujarat Titans,Sunrisers Hyderabad,Sunrisers Hyderabad,field,Hyderabad,Gujarat Titans
Delhi Capitals,Mumbai Indians,Mumbai Indians,bat,Delhi,Mumbai Indians
Gujarat Titans,Delhi Capitals,Delhi Capitals,bat,Delhi,Delhi Capitals
Delhi Capitals,Sunrisers Hyderabad,Delhi Capitals,field,Hyderabad,Sunrisers Hyderabad
Chennai Super Kings,Sunrisers Hyderabad,Chennai Super Kings,bat,Hyderabad,Sunrisers Hyderabad
Punjab Kings,Rajasthan Royals,Rajasthan Royals,bat,Jaipur,Punjab Kings
Punjab Kings,Chennai Super Kings,Punjab Kings,bat,Mohali,Chennai Super Kings
Chennai Super Kings,Gujarat Titans,Chennai Super Kings,field,Chennai,Gujarat Titans
Lucknow Super Giants,Mumbai Indians,Mumbai Indians,field,Lucknow,Mumbai Indians
Lucknow Super Giants,Royal Challengers Bangalore,Royal Challengers Bangalore,bat,Lucknow,Lucknow Super Giants
Royal Challengers Bangalore,Mumbai Indians,Royal Challengers Bangalore,bat,Bangalore,Royal Challengers Bangalore
Gujarat Titans,Lucknow Super Giants,Gujarat Titans,field,Ahmedabad,Gujarat Titans
Delhi Capitals,Gujarat Titans,Gujarat Titans,bat,Delhi,Gujarat Titans
Delhi Capitals,Chennai Super Kings,Chennai Super Kings,bat,Chennai,Chennai Super Kings
Kolkata Knight Riders,Lucknow Super Giants,Kolkata Knight Riders,field,Lucknow,Lucknow Super Giants
Royal Challengers Bangalore,Chennai Super Kings,Royal Challengers Bangalore,bat,Chennai,Royal Challengers Bangalore
Mumbai Indians,Delhi Capitals,Mumbai Indians,field,Delhi,Delhi Capitals
Delhi Capitals,Chennai Super Kings,Delhi Capitals,field,Chennai,Chennai Super Kings
Gujarat Titans,Punjab Kings,Punjab Kings,field,Mohali,Gujarat Titans
Chennai Super Kings,Mumbai Indians,Mumbai Indians,bat,Mumbai,Mumbai Indians
Royal Challengers Bangalore,Mumbai Indians,Royal Challengers Bangalore,field,Bangalore,Mumbai Indians
Punjab Kings,Kolkata Knight Riders,Punjab Kings,bat,Mohali,Punjab Kings
Delhi Capitals,Mumbai Indians,Delhi Capitals,field,Delhi,Delhi Capitals
Chennai Super Kings,Mumbai Indians,Chennai Super Kings,bat,Chennai,Mumbai Indians
Royal Challengers Bangalore,Delhi Capitals,Delhi Capitals,field,Bangalore,Royal Challengers Bangalore
Lucknow Super Giants,Chennai Super Kings,Lucknow Super Giants,field,Chennai,Chennai Super Kings
Delhi Capitals,Rajasthan Royals,Rajasthan Royals,field,Jaipur,Rajasthan Royals
Gujarat Titans,Mumbai Indians,Gujarat Titans,bat,Ahmedabad,Gujarat Titans
Mumbai Indians,Delhi Capitals,Mumbai Indians,field,Delhi,Delhi Capitals
Royal Challengers Bangalore,Kolkata Knight Riders,Kolkata Knight Riders,bat,Kolkata,Kolkata Knight Riders
Mumbai Indians,Kolkata Knight Riders,Mumbai Indians,bat,Mumbai,Kolkata Knight Riders
Royal Challengers Bangalore,Kolkata Knight Riders,Royal Challengers Bangalore,bat,Kolkata,Royal Challengers Bangalore
Lucknow Super Giants,Delhi Capitals,Delhi Capitals,bat,Lucknow,Lucknow Super Giants
Royal Challengers Bangalore,Delhi Capitals,Delhi Capitals,field,Bangalore,Royal Challengers Bangalore
Rajasthan Royals,Royal Challengers Bangalore,Royal Challengers Bangalore,bat,Bangalore,Rajasthan Royals
Sunrisers Hyderabad,Punjab Kings,Punjab Kings,field,Mohali,Sunrisers Hyderabad
Chennai Super Kings,Rajasthan Royals,Rajasthan Royals,field,Chennai,Chennai Super Kings
Lucknow Super Giants,Delhi Capitals,Delhi Capitals,field,Delhi,Delhi Capitals
Lucknow Super Giants,Mumbai Indians,Mumbai Indians,field,Mumbai,Mumbai Indians
Mumbai Indians,Chennai Super Kings,Mumbai Indians,field,Chennai,Chennai Super Kings
Kolkata Knight Riders,Lucknow Super Giants,Kolkata Knight Riders,bat,Kolkata,Kolkata Knight Riders
Chennai Super Kings,Lucknow Super Giants,Lucknow Super Giants,field,Lucknow,Lucknow Super Giants
Rajasthan Royals,Lucknow Super Giants,Rajasthan Royals,bat,Jaipur,Rajasthan Royals
Mumbai Indians,Chennai Super Kings,Chennai Super Kings,bat,Mumbai,Mumbai Indians
Royal Challengers Bangalore,Mumbai Indians,Mumbai Indians,bat,Mumbai,Royal Challengers Bangalore
Chennai Super Kings,Punjab Kings,Punjab Kings,field,Mohali,Punjab Kings
Kolkata Knight Riders,Royal Challengers Bangalore,Kolkata Knight Riders,field,Bangalore,Royal Challengers Bangalore
Gujarat Titans,Punjab Kings,Gujarat Titans,bat,Ahmedabad,Gujarat Titans
Mumbai Indians,Royal Challengers Bangalore,Royal Challengers Bangalore,bat,Bangalore,Royal Challengers Bangalore
Kolkata Knight Riders,Delhi Capitals,Delhi Capitals,field,Delhi,Delhi Capitals
Royal Challengers Bangalore,Rajasthan Royals,Royal Challengers Bangalore,field,Jaipur,Rajasthan Royals
Sunrisers Hyderabad,Mumbai Indians,Mumbai Indians,field,Mumbai,Sunrisers Hyderabad
Kolkata Knight Riders,Lucknow Super Giants,Kolkata Knight Riders,bat,Kolkata,Lucknow Super Giants
Punjab Kings,Lucknow Super Giants,Punjab Kings,bat,Lucknow,Punjab Kings
Mumbai Indians,Rajasthan Royals,Mumbai Indians,bat,Mumbai,Mumbai Indians
Gujarat Titans,Royal Challengers Bangalore,Gujarat Titans,field,Ahmedabad,Gujarat Titans
Punjab Kings,Gujarat Titans,Gujarat Titans,bat,Mohali,Punjab Kings
Chennai Super Kings,Sunrisers Hyderabad,Sunrisers Hyderabad,bat,Chennai,Chennai Super Kings
Delhi Capitals,Gujarat Titans,Delhi Capitals,bat,Ahmedabad,Gujarat Titans
Sunrisers Hyderabad,Royal Challengers Bangalore,Sunrisers Hyderabad,bat,Hyderabad,Royal Challengers Bangalore
Rajasthan Royals,Delhi Capitals,Rajasthan Royals,field,Jaipur,Rajasthan Royals
Punjab Kings,Rajasthan Royals,Punjab Kings,field,Mohali,Punjab Kings
Punjab Kings,Mumbai Indians,Punjab Kings,field,Mohali,Punjab Kings
Kolkata Knight Riders,Lucknow Super Giants,Kolkata Knight Riders,bat,Lucknow,Kolkata Knight Riders
Kolkata Knight Riders,Rajasthan Royals,Kolkata Knight Riders,field,Kolkata,Rajasthan Royals
Gujarat Titans,Chennai Super Kings,Gujarat Titans,bat,Chennai,Chennai Super Kings
Kolkata Knight Riders,Lucknow Super Giants,Lucknow Super Giants,field,Lucknow,Lucknow Super Giants
Kolkata Knight Riders,Mumbai Indians,Mumbai Indians,bat,Kolkata,Mumbai Indians
Punjab Kings,Mumbai Indians,Punjab Kings,bat,Mumbai,Mumbai Indians
Punjab Kings,Sunrisers Hyderabad,Punjab Kings,field,Mohali,Punjab Kings
Lucknow Super Giants,Mumbai Indians,Mumbai Indians,field,Lucknow,Mumbai Indians
Chennai Super Kings,Gujarat Titans,Chennai Super Kings,bat,Ahmedabad,Gujarat Titans
Kolkata Knight Riders,Chennai Super Kings,Chennai Super Kings,field,Kolkata,Kolkata Knight Riders
Chennai Super Kings,Royal Challengers Bangalore,Royal Challengers Bangalore,bat,Chennai,Chennai Super Kings
Sunrisers Hyderabad,Gujarat Titans,Sunrisers Hyderabad,field,Ahmedabad,Gujarat Titans
Gujarat Titans,Lucknow Super Giants,Gujarat Titans,field,Lucknow,Gujarat Titans
Chennai Super Kings,Kolkata Knight Riders,Kolkata Knight Riders,field,Kolkata,Kolkata Knight Riders
Punjab Kings,Sunrisers Hyderabad,Punjab Kings,bat,Hyderabad,Sunrisers Hyderabad
Kolkata Knight Riders,Gujarat Titans,Gujarat Titans,bat,Kolkata,Kolkata Knight Riders
Chennai Super Kings,Lucknow Super Giants,Chennai Super Kings,field,Chennai,Chennai Super Kings
Gujarat Titans,Lucknow Super Giants,Gujarat Titans,field,Ahmedabad,Gujarat Titans
Rajasthan Royals,Gujarat Titans,Rajasthan Royals,bat,Ahmedabad,Gujarat Titans
Royal Challengers Bangalore,Chennai Super Kings,Royal Challengers Bangalore,field,Chennai,Chennai Super Kings
Rajasthan Royals,Punjab Kings,Punjab Kings,bat,Mohali,Punjab Kings
Punjab Kings,Chennai Super Kings,Chennai Super Kings,bat,Chennai,Chennai Super Kings
Royal Challengers Bangalore,Lucknow Super Giants,Lucknow Super Giants,bat,Bangalore,Royal Challengers Bangalore
Royal Challengers Bangalore,Punjab Kings,Royal Challengers Bangalore,bat,Mohali,Punjab Kings
Mumbai Indians,Royal Challengers Bangalore,Royal Challengers Bangalore,bat,Mumbai,Mumbai Indians
Gujarat Titans,Punjab Kings,Punjab Kings,field,Ahmedabad,Punjab Kings
Sunrisers Hyderabad,Kolkata Knight Riders,Kolkata Knight Riders,bat,Hyderabad,Kolkata Knight Riders
Punjab Kings,Delhi Capitals,Delhi Capitals,bat,Mohali,Punjab Kings
Rajasthan Royals,Mumbai Indians,Rajasthan Royals,field,Jaipur,Rajasthan Royals
Kolkata Knight Riders,Delhi Capitals,Delhi Capitals,bat,Delhi,Delhi Capitals
Gujarat Titans,Lucknow Super Giants,Lucknow Super Giants,bat,Lucknow,Gujarat Titans
Royal Challengers Bangalore,Mumbai Indians,Royal Challengers Bangalore,bat,Bangalore,Mumbai Indians
Chennai Super Kings,Rajasthan Royals,Chennai Super Kings,field,Chennai,Chennai Super Kings
Rajasthan Royals,Kolkata Knight Riders,Rajasthan Royals,bat,Kolkata,Rajasthan Royals
Royal Challengers Bangalore,Punjab Kings,Royal Challengers Bangalore,field,Bangalore,Royal Challengers Bangalore
Lucknow Super Giants,Sunrisers Hyderabad,Lucknow Super Giants,field,Hyderabad,Sunrisers Hyderabad
Lucknow Super Giants,Kolkata Knight Riders,Lucknow Super Giants,field,Kolkata,Kolkata Knight Riders
Kolkata Knight Riders,Sunrisers Hyderabad,Kolkata Knight Riders,bat,Hyderabad,Sunrisers Hyderabad
Rajasthan Royals,Kolkata Knight Riders,Kolkata Knight Riders,field,Jaipur,Rajasthan Royals
Mumbai Indians,Rajasthan Royals,Rajasthan Royals,bat,Mumbai,Rajasthan Royals
Rajasthan Royals,Chennai Super Kings,Chennai Super Kings,field,Chennai,Chennai Super Kings
Delhi Capitals,Punjab Kings,Punjab Kings,bat,Mohali,Delhi Capitals
Delhi Capitals,Kolkata Knight Riders,Delhi Capitals,field,Kolkata,Delhi Capitals
Delhi Capitals,Chennai Super Kings,Delhi Capitals,bat,Delhi,Delhi Capitals
Kolkata Knight Riders,Lucknow Super Giants,Lucknow Super Giants,bat,Lucknow,Kolkata Knight Riders
Punjab Kings,Rajasthan Royals,Punjab Kings,field,Jaipur,Rajasthan Royals
Punjab Kings,Sunrisers Hyderabad,Sunrisers Hyderabad,bat,Mohali,Punjab Kings
Kolkata Knight Riders,Rajasthan Royals,Kolkata Knight Riders,bat,Jaipur,Kolkata Knight Riders
Rajasthan Royals,Mumbai Indians,Rajasthan Royals,bat,Jaipur,Mumbai Indians
Mumbai Indians,Punjab Kings,Punjab Kings,field,Mohali,Mumbai Indians
Rajasthan Royals,Lucknow Super Giants,Lucknow Super Giants,bat,Lucknow,Lucknow Super Giants
Lucknow Super Giants,Punjab Kings,Lucknow Super Giants,bat,Lucknow,Lucknow Super Giants
Punjab Kings,Lucknow Super Giants,Lucknow Super Giants,field,Mohali,Lucknow Super Giants
Mumbai Indians,Delhi Capitals,Delhi Capitals,bat,Mumbai,Mumbai Indians
Chennai Super Kings,Lucknow Super Giants,Lucknow Super Giants,bat,Lucknow,Chennai Super Kings
Gujarat Titans,Kolkata Knight Riders,Gujarat Titans,bat,Kolkata,Gujarat Titans
Delhi Capitals,Royal Challengers Bangalore,Royal Challengers Bangalore,bat,Delhi,Royal Challengers Bangalore
Punjab Kings,Mumbai Indians,Mumbai Indians,bat,Mohali,Punjab Kings
Gujarat Titans,Lucknow Super Giants,Gujarat Titans,field,Ahmedabad,Gujarat Titans
Chennai Super Kings,Sunrisers Hyderabad,Sunrisers Hyderabad,field,Chennai,Chennai Super Kings
Gujarat Titans,Rajasthan Royals,Rajasthan Royals,field,Jaipur,Gujarat Titans
Punjab Kings,Chennai Super Kings,Chennai Super Kings,bat,Chennai,Chennai Super Kings
Royal Challengers Bangalore,Chennai Super Kings,Chennai Super Kings,field,Bangalore,Royal Challengers Bangalore
Mumbai Indians,Gujarat Titans,Gujarat Titans,bat,Mumbai,Gujarat Titans
Lucknow Super Giants,Chennai Super Kings,Chennai Super Kings,bat,Chennai,Chennai Super Kings
Chennai Super Kings,Lucknow Super Giants,Lucknow Super Giants,field,Lucknow,Lucknow Super Giants
Sunrisers Hyderabad,Gujarat Titans,Gujarat Titans,bat,Ahmedabad,Gujarat Titans
Delhi Capitals,Punjab Kings,Punjab Kings,bat,Mohali,Punjab Kings
Sunrisers Hyderabad,Chennai Super Kings,Sunrisers Hyderabad,bat,Hyderabad,Sunrisers Hyderabad
Punjab Kings,Delhi Capitals,Punjab Kings,bat,Delhi,Delhi Capitals
Rajasthan Royals,Gujarat Titans,Gujarat Titans,field,Ahmedabad,Rajasthan Royals
Sunrisers Hyderabad,Punjab Kings,Punjab Kings,bat,Hyderabad,Punjab Kings
Punjab Kings,Delhi Capitals,Punjab Kings,bat,Delhi,Delhi Capitals
Gujarat Titans,Delhi Capitals,Gujarat Titans,field,Delhi,Delhi Capitals
Sunrisers Hyderabad,Rajasthan Royals,Rajasthan Royals,field,Hyderabad,Rajasthan Royals
Chennai Super Kings,Royal Challengers Bangalore,Chennai Super Kings,bat,Chennai,Royal Challengers Bangalore
Kolkata Knight Riders,Sunrisers Hyderabad,Kolkata Knight Riders,field,Kolkata,Sunrisers Hyderabad
Sunrisers Hyderabad,Chennai Super Kings,Chennai Super Kings,field,Chennai,Chennai Super Kings
Gujarat Titans,Mumbai Indians,Mumbai Indians,field,Ahmedabad,Mumbai Indians
Gujarat Titans,Rajasthan Royals,Rajasthan Royals,field,Jaipur,Gujarat Titans
Punjab Kings,Chennai Super Kings,Punjab Kings,bat,Mohali,Punjab Kings
Sunrisers Hyderabad,Chennai Super Kings,Sunrisers Hyderabad,bat,Hyderabad,Chennai Super Kings
Royal Challengers Bangalore,Mumbai Indians,Royal Challengers Bangalore,bat,Mumbai,Mumbai Indians
Chennai Super Kings,Royal Challengers Bangalore,Royal Challengers Bangalore,bat,Chennai,Chennai Super Kings
Lucknow Super Giants,Sunrisers Hyderabad,Lucknow Super Giants,field,Hyderabad,Lucknow Super Giants
Delhi Capitals,Gujarat Titans,Delhi Capitals,field,Ahmedabad,Gujarat Titans
Chennai Super Kings,Lucknow Super Giants,Lucknow Super Giants,field,Lucknow,Lucknow Super Giants
Gujarat Titans,Delhi Capitals,Delhi Capitals,bat,Delhi,Delhi Capitals
Chennai Super Kings,Kolkata Knight Riders,Kolkata Knight Riders,bat,Kolkata,Kolkata Knight Riders
Royal Challengers Bangalore,Punjab Kings,Royal Challengers Bangalore,field,Bangalore,Royal Challengers Bangalore
Royal Challengers Bangalore,Gujarat Titans,Royal Challengers Bangalore,bat,Bangalore,Gujarat Titans
Mumbai Indians,Gujarat Titans,Gujarat Titans,field,Ahmedabad,Mumbai Indians
Kolkata Knight Riders,Delhi Capitals,Kolkata Knight Riders,bat,Delhi,Delhi Capitals
Lucknow Super Giants,Royal Challengers Bangalore,Royal Challengers Bangalore,field,Lucknow,Lucknow Super Giants
Rajasthan Royals,Gujarat Titans,Gujarat Titans,field,Jaipur,Rajasthan Royals
Mumbai Indians,Royal Challengers Bangalore,Royal Challengers Bangalore,bat,Bangalore,Mumbai Indians
Rajasthan Royals,Gujarat Titans,Gujarat Titans,bat,Jaipur,Rajasthan Royals
Lucknow Super Giants,Royal Challengers Bangalore,Lucknow Super Giants,field,Bangalore,Royal Challengers Bangalore
Kolkata Knight Riders,Chennai Super Kings,Kolkata Knight Riders,field,Kolkata,Chennai Super Kings
Lucknow Super Giants,Royal Challengers Bangalore,Royal Challengers Bangalore,bat,Lucknow,Lucknow Super Giants
Sunrisers Hyderabad,Lucknow Super Giants,Sunrisers Hyderabad,bat,Lucknow,Lucknow Super Giants
Rajasthan Royals,Delhi Capitals,Delhi Capitals,bat,Delhi,Delhi Capitals
Sunrisers Hyderabad,Kolkata Knight Riders,Kolkata Knight Riders,field,Hyderabad,Kolkata Knight Riders
Sunrisers Hyderabad,Lucknow Super Giants,Lucknow Super Giants,field,Lucknow,Lucknow Super Giants
Chennai Super Kings,Kolkata Knight Riders,Kolkata Knight Riders,bat,Chennai,Chennai Super Kings
Royal Challengers Bangalore,Mumbai Indians,Mumbai Indians,field,Mumbai,Mumbai Indians
Chennai Super Kings,Delhi Capitals,Delhi Capitals,field,Chennai,Chennai Super Kings
Kolkata Knight Riders,Mumbai Indians,Mumbai Indians,bat,Kolkata,Mumbai Indians
Rajasthan Royals,Mumbai Indians,Mumbai Indians,field,Mumbai,Mumbai Indians
Punjab Kings,Gujarat Titans,Gujarat Titans,field,Ahmedabad,Punjab Kings
Mumbai Indians,Kolkata Knight Riders,Mumbai Indians,field,Mumbai,Mumbai Indians
Sunrisers Hyderabad,Mumbai Indians,Mumbai Indians,bat,Hyderabad,Mumbai Indians
Sunrisers Hyderabad,Delhi Capitals,Delhi Capitals,bat,Delhi,Delhi Capitals
Rajasthan Royals,Punjab Kings,Rajasthan Royals,bat,Jaipur,Rajasthan Royals
Chennai Super Kings,Royal Challengers Bangalore,Royal Challengers Bangalore,bat,Bangalore,Royal Challengers Bangalore
Gujarat Titans,Punjab Kings,Punjab Kings,field,Mohali,Gujarat Titans
Delhi Capitals,Chennai Super Kings,Delhi Capitals,field,Chennai,Delhi Capitals
Kolkata Knight Riders,Sunrisers Hyderabad,Sunrisers Hyderabad,bat,Hyderabad,Sunrisers Hyderabad
Chennai Super Kings,Gujarat Titans,Gujarat Titans,field,Ahmedabad,Chennai Super Kings
Lucknow Super Giants,Mumbai Indians,Mumbai Indians,field,Lucknow,Lucknow Super Giants
Mumbai Indians,Sunrisers Hyderabad,Mumbai Indians,field,Hyderabad,Sunrisers Hyderabad
Sunrisers Hyderabad,Kolkata Knight Riders,Sunrisers Hyderabad,bat,Kolkata,Kolkata Knight Riders
Chennai Super Kings,Gujarat Titans,Chennai Super Kings,field,Chennai,Gujarat Titans
Lucknow Super Giants,Rajasthan Royals,Lucknow Super Giants,field,Jaipur,Lucknow Super Giants
Kolkata Knight Riders,Lucknow Super Giants,Lucknow Super Giants,field,Lucknow,Lucknow Super Giants
Gujarat Titans,Royal Challengers Bangalore,Royal Challengers Bangalore,field,Bangalore,Gujarat Titans
Mumbai Indians,Rajasthan Royals,Mumbai Indians,field,Mumbai,Mumbai Indians
Gujarat Titans,Rajasthan Royals,Rajasthan Royals,bat,Ahmedabad,Rajasthan Royals
Royal Challengers Bangalore,Punjab Kings,Royal Challengers Bangalore,field,Mohali,Royal Challengers Bangalore
Chennai Super Kings,Royal Challengers Bangalore,Chennai Super Kings,bat,Chennai,Chennai Super Kings
Chennai Super Kings,Gujarat Titans,Chennai Super Kings,field,Ahmedabad,Gujarat Titans
Kolkata Knight Riders,Delhi Capitals,Kolkata Knight Riders,bat,Delhi,Kolkata Knight Riders
Sunrisers Hyderabad,Kolkata Knight Riders,Kolkata Knight Riders,bat,Kolkata,Sunrisers Hyderabad
Punjab Kings,Mumbai Indians,Punjab Kings,bat,Mumbai,Mumbai Indians
Gujarat Titans,Punjab Kings,Gujarat Titans,field,Mohali,Punjab Kings
Lucknow Super Giants,Punjab Kings,Lucknow Super Giants,bat,Lucknow,Punjab Kings
Kolkata Knight Riders,Sunrisers Hyderabad,Kolkata Knight Riders,bat,Kolkata,Sunrisers Hyderabad
Punjab Kings,Lucknow Super Giants,Lucknow Super Giants,bat,Lucknow,Lucknow Super Giants
Lucknow Super Giants,Delhi Capitals,Delhi Capitals,field,Lucknow,Delhi Capitals
Royal Challengers Bangalore,Gujarat Titans,Gujarat Titans,field,Bangalore,Gujarat Titans
Kolkata Knight Riders,Gujarat Titans,Gujarat Titans,field,Kolkata,Gujarat Titans
Rajasthan Royals,Royal Challengers Bangalore,Rajasthan Royals,field,Bangalore,Royal Challengers Bangalore
Royal Challengers Bangalore,Gujarat Titans,Gujarat Titans,bat,Ahmedabad,Gujarat Titans
Lucknow Super Giants,Rajasthan Royals,Rajasthan Royals,bat,Jaipur,Rajasthan Royals
Gujarat Titans,Sunrisers Hyderabad,Sunrisers Hyderabad,bat,Hyderabad,Sunrisers Hyderabad
Sunrisers Hyderabad,Royal Challengers Bangalore,Royal Challengers Bangalore,bat,Bangalore,Royal Challengers Bangalore
Punjab Kings,Lucknow Super Giants,Punjab Kings,bat,Mohali,Lucknow Super Giants
Kolkata Knight Riders,Mumbai Indians,Kolkata Knight Riders,field,Mumbai,Mumbai Indians
Mumbai Indians,Rajasthan Royals,Mumbai Indians,bat,Mumbai,Rajasthan Royals
Lucknow Super Giants,Gujarat Titans,Gujarat Titans,bat,Ahmedabad,Gujarat Titans
Royal Challengers Bangalore,Delhi Capitals,Delhi Capitals,field,Bangalore,Royal Challengers Bangalore
Chennai Super Kings,Rajasthan Royals,Rajasthan Royals,field,Chennai,Rajasthan Royals
Kolkata Knight Riders,Gujarat Titans,Gujarat Titans,field,Ahmedabad,Kolkata Knight Riders
Punjab Kings,Rajasthan Royals,Punjab Kings,bat,Jaipur,Punjab Kings
Punjab Kings,Lucknow Super Giants,Lucknow Super Giants,field,Lucknow,Punjab Kings
Gujarat Titans,Punjab Kings,Punjab Kings,field,Mohali,Punjab Kings
Delhi Capitals,Kolkata Knight Riders,Kolkata Knight Riders,bat,Delhi,Kolkata Knight Riders
Punjab Kings,Kolkata Knight Riders,Kolkata Knight Riders,bat,Mohali,Punjab Kings
Sunrisers Hyderabad,Gujarat Titans,Sunrisers Hyderabad,bat,Ahmedabad,Sunrisers Hyderabad
Punjab Kings,Kolkata Knight Riders,Punjab Kings,field,Mohali,Punjab Kings
Lucknow Super Giants,Punjab Kings,Punjab Kings,field,Lucknow,Lucknow Super Giants
Delhi Capitals,Punjab Kings,Punjab Kings,bat,Delhi,Punjab Kings
Royal Challengers Bangalore,Rajasthan Royals,Royal Challengers Bangalore,field,Jaipur,Royal Challengers Bangalore
Chennai Super Kings,Delhi Capitals,Delhi Capitals,bat,Delhi,Delhi Capitals
Kolkata Knight Riders,Chennai Super Kings,Chennai Super Kings,field,Chennai,Chennai Super Kings
Rajasthan Royals,Delhi Capitals,Rajasthan Royals,field,Delhi,Delhi Capitals
Lucknow Super Giants,Delhi Capitals,Delhi Capitals,bat,Delhi,Delhi Capitals
Lucknow Super Giants,Punjab Kings,Punjab Kings,bat,Lucknow,Punjab Kings
Delhi Capitals,Mumbai Indians,Delhi Capitals,field,Delhi,Delhi Capitals
Chennai Super Kings,Delhi Capitals,Delhi Capitals,bat,Delhi,Delhi Capitals
Chennai Super Kings,Punjab Kings,Punjab Kings,bat,Mohali,Punjab Kings
Delhi Capitals,Gujarat Titans,Gujarat Titans,bat,Delhi,Delhi Capitals
Punjab Kings,Delhi Capitals,Delhi Capitals,bat,Mohali,Punjab Kings
Gujarat Titans,Delhi Capitals,Gujarat Titans,field,Delhi,Delhi Capitals
Mumbai Indians,Punjab Kings,Mumbai Indians,bat,Mumbai,Mumbai Indians
Lucknow Super Giants,Sunrisers Hyderabad,Lucknow Super Giants,field,Hyderabad,Sunrisers Hyderabad
Sunrisers Hyderabad,Lucknow Super Giants,Sunrisers Hyderabad,bat,Lucknow,Lucknow Super Giants
Punjab Kings,Delhi Capitals,Delhi Capitals,field,Mohali,Punjab Kings
Lucknow Super Giants,Gujarat Titans,Lucknow Super Giants,field,Lucknow,Gujarat Titans
Rajasthan Royals,Punjab Kings,Rajasthan Royals,field,Jaipur,Rajasthan Royals
Kolkata Knight Riders,Sunrisers Hyderabad,Sunrisers Hyderabad,bat,Hyderabad,Sunrisers Hyderabad
Gujarat Titans,Lucknow Super Giants,Lucknow Super Giants,bat,Lucknow,Lucknow Super Giants
Rajasthan Royals,Lucknow Super Giants,Lucknow Super Giants,bat,Lucknow,Lucknow Super Giants
Punjab Kings,Rajasthan Royals,Punjab Kings,bat,Jaipur,Punjab Kings
Rajasthan Royals,Punjab Kings,Punjab Kings,field,Mohali,Punjab Kings
Chennai Super Kings,Lucknow Super Giants,Lucknow Super Giants,field,Chennai,Chennai Super Kings
Delhi Capitals,Chennai Super Kings,Chennai Super Kings,field,Chennai,Chennai Super Kings
Mumbai Indians,Sunrisers Hyderabad,Sunrisers Hyderabad,bat,Mumbai,Mumbai Indians
Sunrisers Hyderabad,Delhi Capitals,Sunrisers Hyderabad,field,Delhi,Delhi Capitals
Royal Challengers Bangalore,Gujarat Titans,Gujarat Titans,field,Bangalore,Royal Challengers Bangalore
Chennai Super Kings,Kolkata Knight Riders,Kolkata Knight Riders,bat,Kolkata,Kolkata Knight Riders
Rajasthan Royals,Kolkata Knight Riders,Kolkata Knight Riders,field,Jaipur,Kolkata Knight Riders
Lucknow Super Giants,Kolkata Knight Riders,Lucknow Super Giants,bat,Kolkata,Kolkata Knight Riders
Lucknow Super Giants,Chennai Super Kings,Lucknow Super Giants,bat,Lucknow,Lucknow Super Giants
Chennai Super Kings,Rajasthan Royals,Rajasthan Royals,bat,Chennai,Chennai Super Kings
Gujarat Titans,Rajasthan Royals,Gujarat Titans,field,Jaipur,Gujarat Titans
Delhi Capitals,Chennai Super Kings,Delhi Capitals,bat,Chennai,Chennai Super Kings
Rajasthan Royals,Kolkata Knight Riders,Rajasthan Royals,field,Kolkata,Kolkata Knight Riders
Lucknow Super Giants,Kolkata Knight Riders,Lucknow Super Giants,field,Kolkata,Kolkata Knight Riders
Kolkata Knight Riders,Punjab Kings,Kolkata Knight Riders,field,Kolkata,Punjab Kings
Sunrisers Hyderabad,Delhi Capitals,Delhi Capitals,bat,Hyderabad,Delhi Capitals
Mumbai Indians,Delhi Capitals,Delhi Capitals,bat,Delhi,Mumbai Indians
Delhi Capitals,Mumbai Indians,Mumbai Indians,field,Mumbai,Mumbai Indians
Lucknow Super Giants,Punjab Kings,Punjab Kings,field,Mohali,Punjab Kings
Gujarat Titans,Kolkata Knight Riders,Gujarat Titans,field,Ahmedabad,Gujarat Titans
Gujarat Titans,Punjab Kings,Punjab Kings,field,Ahmedabad,Gujarat Titans
Mumbai Indians,Rajasthan Royals,Mumbai Indians,field,Mumbai,Rajasthan Royals
Delhi Capitals,Sunrisers Hyderabad,Sunrisers Hyderabad,bat,Delhi,Sunrisers Hyderabad
Kolkata Knight Riders,Sunrisers Hyderabad,Kolkata Knight Riders,field,Hyderabad,Kolkata Knight Riders
Mumbai Indians,Kolkata Knight Riders,Kolkata Knight Riders,field,Kolkata,Kolkata Knight Riders
Sunrisers Hyderabad,Punjab Kings,Sunrisers Hyderabad,field,Mohali,Punjab Kings
Rajasthan Royals,Gujarat Titans,Gujarat Titans,bat,Jaipur,Rajasthan Royals
Delhi Capitals,Gujarat Titans,Delhi Capitals,bat,Ahmedabad,Delhi Capitals
Kolkata Knight Riders,Royal Challengers Bangalore,Royal Challengers Bangalore,bat,Kolkata,Kolkata Knight Riders
Mumbai Indians,Delhi Capitals,Delhi Capitals,field,Delhi,Delhi Capitals
Mumbai Indians,Delhi Capitals,Delhi Capitals,field,Mumbai,Delhi Capitals
Mumbai Indians,Sunrisers Hyderabad,Sunrisers Hyderabad,field,Mumbai,Sunrisers Hyderabad
Kolkata Knight Riders,Chennai Super Kings,Chennai Super Kings,field,Kolkata,Kolkata Knight Riders
Royal Challengers Bangalore,Rajasthan Royals,Royal Challengers Bangalore,field,Jaipur,Rajasthan Royals
Kolkata Knight Riders,Delhi Capitals,Delhi Capitals,bat,Kolkata,Kolkata Knight Riders
Punjab Kings,Chennai Super Kings,Punjab Kings,field,Chennai,Chennai Super Kings
Lucknow Super Giants,Chennai Super Kings,Lucknow Super Giants,bat,Lucknow,Chennai Super Kings
Punjab Kings,Kolkata Knight Riders,Kolkata Knight Riders,bat,Mohali,Punjab Kings
Royal Challengers Bangalore,Mumbai Indians,Royal Challengers Bangalore,field,Bangalore,Royal Challengers Bangalore
Delhi Capitals,Punjab Kings,Punjab Kings,field,Delhi,Punjab Kings
Sunrisers Hyderabad,Rajasthan Royals,Rajasthan Royals,field,Hyderabad,Sunrisers Hyderabad
Chennai Super Kings,Kolkata Knight Riders,Chennai Super Kings,field,Chennai,Kolkata Knight Riders
Chennai Super Kings,Lucknow Super Giants,Lucknow Super Giants,bat,Lucknow,Lucknow Super Giants
Rajasthan Royals,Punjab Kings,Rajasthan Royals,bat,Jaipur,Punjab Kings
Delhi Capitals,Chennai Super Kings,Chennai Super Kings,field,Chennai,Delhi Capitals
Mumbai Indians,Chennai Super Kings,Chennai Super Kings,bat,Chennai,Chennai Super Kings
Lucknow Super Giants,Gujarat Titans,Lucknow Super Giants,bat,Lucknow,Gujarat Titans
Chennai Super Kings,Gujarat Titans,Chennai Super Kings,bat,Ahmedabad,Chennai Super Kings
Gujarat Titans,Rajasthan Royals,Rajasthan Royals,bat,Ahmedabad,Rajasthan Royals
Royal Challengers Bangalore,Kolkata Knight Riders,Royal Challengers Bangalore,bat,Bangalore,Royal Challengers Bangalore
Mumbai Indians,Delhi Capitals,Delhi Capitals,field,Mumbai,Mumbai Indians
Mumbai Indians,Gujarat Titans,Gujarat Titans,field,Mumbai,Mumbai Indians
Chennai Super Kings,Royal Challengers Bangalore,Chennai Super Kings,bat,Chennai,Chennai Super Kings
Gujarat Titans,Lucknow Super Giants,Gujarat Titans,field,Ahmedabad,Lucknow Super Giants
Mumbai Indians,Kolkata Knight Riders,Mumbai Indians,bat,Kolkata,Mumbai Indians
Sunrisers Hyderabad,Royal Challengers Bangalore,Royal Challengers Bangalore,field,Hyderabad,Sunrisers Hyderabad
Lucknow Super Giants,Gujarat Titans,Lucknow Super Giants,bat,Ahmedabad,Lucknow Super Giants
Delhi Capitals,Gujarat Titans,Delhi Capitals,field,Delhi,Delhi Capitals
Royal Challengers Bangalore,Gujarat Titans,Royal Challengers Bangalore,field,Bangalore,Royal Challengers Bangalore
Lucknow Super Giants,Chennai Super Kings,Chennai Super Kings,field,Chennai,Chennai Super Kings
Mumbai Indians,Lucknow Super Giants,Mumbai Indians,bat,Mumbai,Mumbai Indians
Chennai Super Kings,Delhi Capitals,Delhi Capitals,bat,Chennai,Chennai Super Kings
Delhi Capitals,Gujarat Titans,Delhi Capitals,field,Delhi,Delhi Capitals
Sunrisers Hyderabad,Kolkata Knight Riders,Kolkata Knight Riders,bat,Hyderabad,Sunrisers Hyderabad
Chennai Super Kings,Punjab Kings,Chennai Super Kings,field,Mohali,Chennai Super Kings
Gujarat Titans,Lucknow Super Giants,Gujarat Titans,bat,Lucknow,Lucknow Super Giants
Mumbai Indians,Rajasthan Royals,Rajasthan Royals,bat,Jaipur,Rajasthan Royals
Delhi Capitals,Sunrisers Hyderabad,Delhi Capitals,field,Delhi,Delhi Capitals
Chennai Super Kings,Gujarat Titans,Chennai Super Kings,field,Chennai,Chennai Super Kings
Royal Challengers Bangalore,Kolkata Knight Riders,Royal Challengers Bangalore,field,Bangalore,Royal Challengers Bangalore
Mumbai Indians,Rajasthan Royals,Rajasthan Royals,bat,Mumbai,Rajasthan Royals
Chennai Super Kings,Royal Challengers Bangalore,Chennai Super Kings,field,Chennai,Chennai Super Kings
Rajasthan Royals,Delhi Capitals,Delhi Capitals,field,Delhi,Rajasthan Royals
Mumbai Indians,Delhi Capitals,Mumbai Indians,field,Delhi,Delhi Capitals
Chennai Super Kings,Sunrisers Hyderabad,Sunrisers Hyderabad,field,Chennai,Chennai Super Kings
Chennai Super Kings,Delhi Capitals,Chennai Super Kings,bat,Delhi,Chennai Super Kings
Mumbai Indians,Chennai Super Kings,Chennai Super Kings,bat,Chennai,Chennai Super Kings
Gujarat Titans,Punjab Kings,Punjab Kings,field,Ahmedabad,Gujarat Titans
Delhi Capitals,Rajasthan Royals,Delhi Capitals,bat,Jaipur,Rajasthan Royals
Rajasthan Royals,Mumbai Indians,Mumbai Indians,bat,Mumbai,Mumbai Indians
Gujarat Titans,Rajasthan Royals,Gujarat Titans,field,Ahmedabad,Gujarat Titans
Mumbai Indians,Punjab Kings,Punjab Kings,field,Mohali,Punjab Kings
Gujarat Titans,Royal Challengers Bangalore,Gujarat Titans,field,Bangalore,Royal Challengers Bangalore
Kolkata Knight Riders,Delhi Capitals,Delhi Capitals,bat,Kolkata,Kolkata Knight Riders
Gujarat Titans,Sunrisers Hyderabad,Sunrisers Hyderabad,bat,Hyderabad,Sunrisers Hyderabad
Mumbai Indians,Punjab Kings,Punjab Kings,field,Mohali,Punjab Kings
Gujarat Titans,Rajasthan Royals,Gujarat Titans,field,Ahmedabad,Rajasthan Royals
Kolkata Knight Riders,Gujarat Titans,Gujarat Titans,field,Kolkata,Gujarat Titans
Royal Challengers Bangalore,Sunrisers Hyderabad,Sunrisers Hyderabad,bat,Hyderabad,Sunrisers Hyderabad
Sunrisers Hyderabad,Mumbai Indians,Sunrisers Hyderabad,bat,Mumbai,Mumbai Indians
Delhi Capitals,Mumbai Indians,Delhi Capitals,bat,Delhi,Mumbai Indians
Rajasthan Royals,Royal Challengers Bangalore,Royal Challengers Bangalore,bat,Bangalore,Royal Challengers Bangalore
Gujarat Titans,Sunrisers Hyderabad,Sunrisers Hyderabad,bat,Ahmedabad,Gujarat Titans
Lucknow Super Giants,Gujarat Titans,Lucknow Super Giants,field,Lucknow,Lucknow Super Giants
Rajasthan Royals,Gujarat Titans,Gujarat Titans,bat,Ahmedabad,Gujarat Titans
Gujarat Titans,Punjab Kings,Punjab Kings,bat,Mohali,Punjab Kings
Gujarat Titans,Chennai Super Kings,Chennai Super Kings,bat,Ahmedabad,Chennai Super Kings
Chennai Super Kings,Gujarat Titans,Chennai Super Kings,bat,Ahmedabad,Gujarat Titans
Mumbai Indians,Rajasthan Royals,Rajasthan Royals,field,Mumbai,Mumbai Indians
Kolkata Knight Riders,Sunrisers Hyderabad,Kolkata Knight Riders,field,Hyderabad,Kolkata Knight Riders
Sunrisers Hyderabad,Gujarat Titans,Gujarat Titans,field,Hyderabad,Sunrisers Hyderabad
Lucknow Super Giants,Mumbai Indians,Lucknow Super Giants,bat,Mumbai,Mumbai Indians
Mumbai Indians,Royal Challengers Bangalore,Royal Challengers Bangalore,bat,Bangalore,Royal Challengers Bangalore
Royal Challengers Bangalore,Sunrisers Hyderabad,Sunrisers Hyderabad,field,Hyderabad,Sunrisers Hyderabad
Rajasthan Royals,Kolkata Knight Riders,Rajasthan Royals,bat,Jaipur,Rajasthan Royals
Kolkata Knight Riders,Delhi Capitals,Delhi Capitals,bat,Delhi,Delhi Capitals
Chennai Super Kings,Sunrisers Hyderabad,Chennai Super Kings,field,Chennai,Sunrisers Hyderabad
Sunrisers Hyderabad,Delhi Capitals,Delhi Capitals,bat,Delhi,Sunrisers Hyderabad
Rajasthan Royals,Sunrisers Hyderabad,Rajasthan Royals,bat,Hyderabad,Sunrisers Hyderabad
Rajasthan Royals,Kolkata Knight Riders,Rajasthan Royals,field,Jaipur,Kolkata Knight Riders
Lucknow Super Giants,Gujarat Titans,Lucknow Super Giants,bat,Ahmedabad,Lucknow Super Giants
Lucknow Super Giants,Chennai Super Kings,Lucknow Super Giants,bat,Chennai,Lucknow Super Giants
Lucknow Super Giants,Kolkata Knight Riders,Lucknow Super Giants,field,Lucknow,Lucknow Super Giants
Kolkata Knight Riders,Gujarat Titans,Kolkata Knight Riders,field,Ahmedabad,Kolkata Knight Riders
Chennai Super Kings,Delhi Capitals,Delhi Capitals,bat,Chennai,Delhi Capitals
Kolkata Knight Riders,Delhi Capitals,Delhi Capitals,field,Kolkata,Kolkata Knight Riders
Gujarat Titans,Sunrisers Hyderabad,Gujarat Titans,field,Hyderabad,Gujarat Titans
Kolkata Knight Riders,Rajasthan Royals,Rajasthan Royals,field,Kolkata,Kolkata Knight Riders
Gujarat Titans,Lucknow Super Giants,Lucknow Super Giants,bat,Lucknow,Lucknow Super Giants
Sunrisers Hyderabad,Rajasthan Royals,Sunrisers Hyderabad,bat,Hyderabad,Sunrisers Hyderabad
Mumbai Indians,Delhi Capitals,Mumbai Indians,field,Mumbai,Delhi Capitals
Gujarat Titans,Royal Challengers Bangalore,Royal Challengers Bangalore,bat,Ahmedabad,Gujarat Titans
Rajasthan Royals,Delhi Capitals,Delhi Capitals,bat,Jaipur,Delhi Capitals
Mumbai Indians,Chennai Super Kings,Mumbai Indians,bat,Chennai,Chennai Super Kings
Royal Challengers Bangalore,Lucknow Super Giants,Lucknow Super Giants,field,Bangalore,Royal Challengers Bangalore
Royal Challengers Bangalore,Kolkata Knight Riders,Kolkata Knight Riders,field,Bangalore,Royal Challengers Bangalore
Chennai Super Kings,Mumbai Indians,Chennai Super Kings,bat,Chennai,Chennai Super Kings
Kolkata Knight Riders,Royal Challengers Bangalore,Kolkata Knight Riders,bat,Bangalore,Kolkata Knight Riders
Chennai Super Kings,Punjab Kings,Chennai Super Kings,bat,Chennai,Punjab Kings
Delhi Capitals,Mumbai Indians,Mumbai Indians,field,Mumbai,Mumbai Indians
Lucknow Super Giants,Punjab Kings,Lucknow Super Giants,field,Mohali,Lucknow Super Giants
Lucknow Super Giants,Kolkata Knight Riders,Lucknow Super Giants,bat,Lucknow,Lucknow Super Giants
Kolkata Knight Riders,Punjab Kings,Kolkata Knight Riders,field,Kolkata,Kolkata Knight Riders
Delhi Capitals,Sunrisers Hyderabad,Delhi Capitals,field,Delhi,Delhi Capitals
Kolkata Knight Riders,Delhi Capitals,Delhi Capitals,field,Kolkata,Kolkata Knight Riders
Gujarat Titans,Royal Challengers Bangalore,Gujarat Titans,bat,Bangalore,Gujarat Titans
Chennai Super Kings,Lucknow Super Giants,Lucknow Super Giants,bat,Lucknow,Chennai Super Kings
Punjab Kings,Lucknow Super Giants,Lucknow Super Giants,field,Mohali,Punjab Kings
Sunrisers Hyderabad,Kolkata Knight Riders,Kolkata Knight Riders,field,Hyderabad,Sunrisers Hyderabad
Lucknow Super Giants,Gujarat Titans,Lucknow Super Giants,bat,Ahmedabad,Lucknow Super Giants
Sunrisers Hyderabad,Royal Challengers Bangalore,Royal Challengers Bangalore,bat,Hyderabad,Sunrisers Hyderabad
Mumbai Indians,Gujarat Titans,Gujarat Titans,field,Mumbai,Mumbai Indians
Rajasthan Royals,Royal Challengers Bangalore,Royal Challengers Bangalore,field,Jaipur,Royal Challengers Bangalore
Kolkata Knight Riders,Gujarat Titans,Gujarat Titans,bat,Ahmedabad,Kolkata Knight Riders
Lucknow Super Giants,Punjab Kings,Punjab Kings,bat,Lucknow,Lucknow Super Giants
Lucknow Super Giants,Sunrisers Hyderabad,Lucknow Super Giants,bat,Lucknow,Lucknow Super Giants
Sunrisers Hyderabad,Royal Challengers Bangalore,Royal Challengers Bangalore,field,Hyderabad,Sunrisers Hyderabad
Kolkata Knight Riders,Mumbai Indians,Kolkata Knight Riders,bat,Mumbai,Mumbai Indians
Delhi Capitals,Chennai Super Kings,Delhi Capitals,bat,Chennai,Chennai Super Kings
Sunrisers Hyderabad,Chennai Super Kings,Chennai Super Kings,field,Hyderabad,Chennai Super Kings
Delhi Capitals,Lucknow Super Giants,Delhi Capitals,field,Lucknow,Delhi Capitals
Gujarat Titans,Sunrisers Hyderabad,Sunrisers Hyderabad,bat,Ahmedabad,Gujarat Titans
Mumbai Indians,Sunrisers Hyderabad,Mumbai Indians,field,Hyderabad,Sunrisers Hyderabad
Royal Challengers Bangalore,Delhi Capitals,Royal Challengers Bangalore,bat,Bangalore,Royal Challengers Bangalore
Punjab Kings,Lucknow Super Giants,Lucknow Super Giants,bat,Mohali,Lucknow Super Giants
Lucknow Super Giants,Chennai Super Kings,Lucknow Super Giants,bat,Chennai,Lucknow Super Giants
Delhi Capitals,Kolkata Knight Riders,Delhi Capitals,field,Kolkata,Kolkata Knight Riders
Chennai Super Kings,Kolkata Knight Riders,Kolkata Knight Riders,field,Chennai,Chennai Super Kings
Rajasthan Royals,Royal Challengers Bangalore,Royal Challengers Bangalore,field,Bangalore,Royal Challengers Bangalore
Rajasthan Royals,Mumbai Indians,Mumbai Indians,field,Jaipur,Mumbai Indians
Chennai Super Kings,Kolkata Knight Riders,Kolkata Knight Riders,bat,Kolkata,Chennai Super Kings
Kolkata Knight Riders,Sunrisers Hyderabad,Sunrisers Hyderabad,field,Kolkata,Kolkata Knight Riders
Kolkata Knight Riders,Punjab Kings,Punjab Kings,field,Kolkata,Kolkata Knight Riders
Sunrisers Hyderabad,Punjab Kings,Punjab Kings,bat,Mohali,Punjab Kings
Gujarat Titans,Kolkata Knight Riders,Gujarat Titans,bat,Ahmedabad,Gujarat Titans
Chennai Super Kings,Gujarat Titans,Gujarat Titans,field,Ahmedabad,Gujarat Titans
Lucknow Super Giants,Delhi Capitals,Delhi Capitals,field,Lucknow,Lucknow Super Giants
Lucknow Super Giants,Kolkata Knight Riders,Lucknow Super Giants,bat,Kolkata,Lucknow Super Giants
Rajasthan Royals,Chennai Super Kings,Rajasthan Royals,field,Jaipur,Chennai Super Kings
Sunrisers Hyderabad,Punjab Kings,Punjab Kings,bat,Hyderabad,Sunrisers Hyderabad
Kolkata Knight Riders,Royal Challengers Bangalore,Kolkata Knight Riders,field,Bangalore,Kolkata Knight Riders
Chennai Super Kings,Royal Challengers Bangalore,Chennai Super Kings,field,Bangalore,Chennai Super Kings
Chennai Super Kings,Royal Challengers Bangalore,Royal Challengers Bangalore,bat,Bangalore,Royal Challengers Bangalore
Sunrisers Hyderabad,Kolkata Knight Riders,Sunrisers Hyderabad,field,Hyderabad,Kolkata Knight Riders
Gujarat Titans,Mumbai Indians,Gujarat Titans,field,Ahmedabad,Gujarat Titans
Gujarat Titans,Rajasthan Royals,Gujarat Titans,field,Ahmedabad,Rajasthan Royals
Delhi Capitals,Punjab Kings,Delhi Capitals,field,Delhi,Delhi Capitals
Royal Challengers Bangalore,Rajasthan Royals,Royal Challengers Bangalore,field,Bangalore,Royal Challengers Bangalore
Kolkata Knight Riders,Delhi Capitals,Kolkata Knight Riders,field,Delhi,Kolkata Knight Riders
Punjab Kings,Delhi Capitals,Delhi Capitals,field,Mohali,Punjab Kings
Delhi Capitals,Kolkata Knight Riders,Kolkata Knight Riders,bat,Delhi,Kolkata Knight Riders
Gujarat Titans,Royal Challengers Bangalore,Royal Challengers Bangalore,field,Bangalore,Gujarat Titans
Gujarat Titans,Sunrisers Hyderabad,Gujarat Titans,field,Hyderabad,Sunrisers Hyderabad
Delhi Capitals,Mumbai Indians,Delhi Capitals,bat,Mumbai,Mumbai Indians
Punjab Kings,Delhi Capitals,Delhi Capitals,field,Mohali,Delhi Capitals
Gujarat Titans,Royal Challengers Bangalore,Gujarat Titans,field,Bangalore,Royal Challengers Bangalore
Gujarat Titans,Punjab Kings,Gujarat Titans,bat,Mohali,Punjab Kings
Kolkata Knight Riders,Mumbai Indians,Mumbai Indians,field,Mumbai,Mumbai Indians
Chennai Super Kings,Lucknow Super Giants,Lucknow Super Giants,field,Lucknow,Chennai Super Kings
Gujarat Titans,Delhi Capitals,Delhi Capitals,bat,Delhi,Gujarat Titans
Mumbai Indians,Chennai Super Kings,Mumbai Indians,bat,Mumbai,Chennai Super Kings
Gujarat Titans,Royal Challengers Bangalore,Gujarat Titans,field,Bangalore,Gujarat Titans
Kolkata Knight Riders,Royal Challengers Bangalore,Royal Challengers Bangalore,field,Bangalore,Royal Challengers Bangalore
Lucknow Super Giants,Chennai Super Kings,Lucknow Super Giants,field,Lucknow,Lucknow Super Giants
Gujarat Titans,Delhi Capitals,Delhi Capitals,field,Delhi,Delhi Capitals
Royal Challengers Bangalore,Lucknow Super Giants,Royal Challengers Bangalore,field,Lucknow,Lucknow Super Giants
Chennai Super Kings,Rajasthan Royals,Rajasthan Royals,bat,Chennai,Chennai Super Kings
Sunrisers Hyderabad,Delhi Capitals,Delhi Capitals,bat,Delhi,Delhi Capitals
Mumbai Indians,Gujarat Titans,Mumbai Indians,bat,Mumbai,Mumbai Indians
Punjab Kings,Lucknow Super Giants,Punjab Kings,field,Lucknow,Lucknow Super Giants
Rajasthan Royals,Mumbai Indians,Rajasthan Royals,field,Jaipur,Rajasthan Royals
Kolkata Knight Riders,Royal Challengers Bangalore,Royal Challengers Bangalore,field,Kolkata,Royal Challengers Bangalore
Rajasthan Royals,Gujarat Titans,Rajasthan Royals,field,Ahmedabad,Rajasthan Royals
Chennai Super Kings,Mumbai Indians,Chennai Super Kings,bat,Mumbai,Chennai Super Kings
Gujarat Titans,Mumbai Indians,Gujarat Titans,field,Mumbai,Mumbai Indians
Delhi Capitals,Lucknow Super Giants,Delhi Capitals,field,Delhi,Lucknow Super Giants
Gujarat Titans,Mumbai Indians,Mumbai Indians,bat,Ahmedabad,Gujarat Titans
Lucknow Super Giants,Kolkata Knight Riders,Kolkata Knight Riders,bat,Kolkata,Lucknow Super Giants
Lucknow Super Giants,Kolkata Knight Riders,Lucknow Super Giants,field,Lucknow,Lucknow Super Giants
Lucknow Super Giants,Delhi Capitals,Lucknow Super Giants,field,Lucknow,Lucknow Super Giants
Kolkata Knight Riders,Punjab Kings,Punjab Kings,bat,Mohali,Punjab Kings
Royal Challengers Bangalore,Gujarat Titans,Gujarat Titans,field,Bangalore,Gujarat Titans
Delhi Capitals,Lucknow Super Giants,Delhi Capitals,field,Delhi,Delhi Capitals
Rajasthan Royals,Lucknow Super Giants,Lucknow Super Giants,field,Jaipur,Rajasthan Royals
Sunrisers Hyderabad,Rajasthan Royals,Sunrisers Hyderabad,field,Jaipur,Rajasthan Royals
Lucknow Super Giants,Sunrisers Hyderabad,Sunrisers Hyderabad,bat,Lucknow,Sunrisers Hyderabad
Delhi Capitals,Rajasthan Royals,Rajasthan Royals,bat,Jaipur,Rajasthan Royals
Rajasthan Royals,Lucknow Super Giants,Lucknow Super Giants,bat,Jaipur,Rajasthan Royals
Rajasthan Royals,Lucknow Super Giants,Lucknow Super Giants,field,Lucknow,Rajasthan Royals
Royal Challengers Bangalore,Chennai Super Kings,Royal Challengers Bangalore,bat,Chennai,Chennai Super Kings
Rajasthan Royals,Lucknow Super Giants,Lucknow Super Giants,field,Lucknow,Lucknow Super Giants
Lucknow Super Giants,Punjab Kings,Punjab Kings,bat,Lucknow,Lucknow Super Giants
Rajasthan Royals,Gujarat Titans,Gujarat Titans,bat,Jaipur,Rajasthan Royals
Gujarat Titans,Rajasthan Royals,Gujarat Titans,field,Ahmedabad,Rajasthan Royals
Chennai Super Kings,Kolkata Knight Riders,Chennai Super Kings,field,Kolkata,Chennai Super Kings
Punjab Kings,Chennai Super Kings,Punjab Kings,bat,Chennai,Chennai Super Kings
Punjab Kings,Chennai Super Kings,Chennai Super Kings,bat,Chennai,Chennai Super Kings
Rajasthan Royals,Royal Challengers Bangalore,Royal Challengers Bangalore,field,Jaipur,Rajasthan Royals
Royal Challengers Bangalore,Chennai Super Kings,Chennai Super Kings,bat,Chennai,Chennai Super Kings
Punjab Kings,Sunrisers Hyderabad,Sunrisers Hyderabad,field,Hyderabad,Punjab Kings
Chennai Super Kings,Punjab Kings,Punjab Kings,bat,Chennai,Chennai Super Kings
Gujarat Titans,Chennai Super Kings,Gujarat Titans,field,Chennai,Chennai Super Kings
Mumbai Indians,Punjab Kings,Mumbai Indians,bat,Mumbai,Punjab Kings
Punjab Kings,Royal Challengers Bangalore,Punjab Kings,field,Bangalore,Royal Challengers Bangalore
Delhi Capitals,Chennai Super Kings,Delhi Capitals,bat,Delhi,Delhi Capitals
Kolkata Knight Riders,Delhi Capitals,Delhi Capitals,bat,Kolkata,Delhi Capitals
Sunrisers Hyderabad,Royal Challengers Bangalore,Sunrisers Hyderabad,field,Bangalore,Royal Challengers Bangalore
Lucknow Super Giants,Royal Challengers Bangalore,Royal Challengers Bangalore,field,Lucknow,Lucknow Super Giants
Rajasthan Royals,Punjab Kings,Rajasthan Royals,bat,Mohali,Punjab Kings
Royal Challengers Bangalore,Delhi Capitals,Royal Challengers Bangalore,field,Delhi,Delhi Capitals
Delhi Capitals,Lucknow Super Giants,Delhi Capitals,field,Delhi,Lucknow Super Giants
Punjab Kings,Royal Challengers Bangalore,Royal Challengers Bangalore,bat,Bangalore,Royal Challengers Bangalore
Delhi Capitals,Kolkata Knight Riders,Kolkata Knight Riders,bat,Delhi,Delhi Capitals
Kolkata Knight Riders,Sunrisers Hyderabad,Sunrisers Hyderabad,field,Kolkata,Kolkata Knight Riders
Kolkata Knight Riders,Mumbai Indians,Mumbai Indians,field,Kolkata,Mumbai Indians
Delhi Capitals,Lucknow Super Giants,Lucknow Super Giants,field,Delhi,Delhi Capitals
Gujarat Titans,Kolkata Knight Riders,Kolkata Knight Riders,bat,Ahmedabad,Gujarat Titans
Lucknow Super Giants,Kolkata Knight Riders,Kolkata Knight Riders,field,Kolkata,Kolkata Knight Riders
Delhi Capitals,Kolkata Knight Riders,Delhi Capitals,field,Delhi,Delhi Capitals
Lucknow Super Giants,Rajasthan Royals,Lucknow Super Giants,bat,Jaipur,Rajasthan Royals
Gujarat Titans,Sunrisers Hyderabad,Sunrisers Hyderabad,bat,Hyderabad,Gujarat Titans
Chennai Super Kings,Rajasthan Royals,Rajasthan Royals,bat,Chennai,Chennai Super Kings
Delhi Capitals,Punjab Kings,Delhi Capitals,bat,Delhi,Delhi Capitals
Rajasthan Royals,Punjab Kings,Rajasthan Royals,field,Jaipur,Punjab Kings
Sunrisers Hyderabad,Royal Challengers Bangalore,Sunrisers Hyderabad,bat,Hyderabad,Royal Challengers Bangalore
Delhi Capitals,Lucknow Super Giants,Lucknow Super Giants,bat,Lucknow,Lucknow Super Giants
Kolkata Knight Riders,Punjab Kings,Punjab Kings,bat,Mohali,Kolkata Knight Riders
Kolkata Knight Riders,Rajasthan Royals,Kolkata Knight Riders,bat,Kolkata,Kolkata Knight Riders
Delhi Capitals,Kolkata Knight Riders,Kolkata Knight Riders,field,Delhi,Delhi Capitals
Kolkata Knight Riders,Royal Challengers Bangalore,Royal Challengers Bangalore,field,Bangalore,Kolkata Knight Riders
Chennai Super Kings,Mumbai Indians,Chennai Super Kings,field,Chennai,Chennai Super Kings
Sunrisers Hyderabad,Rajasthan Royals,Sunrisers Hyderabad,bat,Hyderabad,Sunrisers Hyderabad
Chennai Super Kings,Royal Challengers Bangalore,Royal Challengers Bangalore,bat,Bangalore,Royal Challengers Bangalore
Gujarat Titans,Sunrisers Hyderabad,Sunrisers Hyderabad,field,Hyderabad,Sunrisers Hyderabad
Chennai Super Kings,Sunrisers Hyderabad,Chennai Super Kings,field,Chennai,Chennai Super Kings
Sunrisers Hyderabad,Lucknow Super Giants,Lucknow Super Giants,field,Hyderabad,Sunrisers Hyderabad
Punjab Kings,Rajasthan Royals,Punjab Kings,field,Mohali,Rajasthan Royals
Mumbai Indians,Royal Challengers Bangalore,Mumbai Indians,bat,Mumbai,Royal Challengers Bangalore
Lucknow Super Giants,Royal Challengers Bangalore,Royal Challengers Bangalore,field,Lucknow,Lucknow Super Giants
Rajasthan Royals,Punjab Kings,Rajasthan Royals,field,Jaipur,Punjab Kings
Mumbai Indians,Sunrisers Hyderabad,Sunrisers Hyderabad,field,Hyderabad,Mumbai Indians
Mumbai Indians,Punjab Kings,Punjab Kings,bat,Mumbai,Punjab Kings
Chennai Super Kings,Punjab Kings,Chennai Super Kings,bat,Mohali,Punjab Kings
Rajasthan Royals,Punjab Kings,Rajasthan Royals,field,Mohali,Punjab Kings
Sunrisers Hyderabad,Kolkata Knight Riders,Kolkata Knight Riders,field,Hyderabad,Sunrisers Hyderabad
Chennai Super Kings,Sunrisers Hyderabad,Chennai Super Kings,field,Hyderabad,Sunrisers Hyderabad
Punjab Kings,Mumbai Indians,Punjab Kings,field,Mumbai,Punjab Kings
Kolkata Knight Riders,Chennai Super Kings,Kolkata Knight Riders,bat,Chennai,Chennai Super Kings
Gujarat Titans,Punjab Kings,Gujarat Titans,bat,Mohali,Punjab Kings
Rajasthan Royals,Mumbai Indians,Mumbai Indians,bat,Mumbai,Mumbai Indians
Delhi Capitals,Kolkata Knight Riders,Delhi Capitals,field,Delhi,Delhi Capitals
Mumbai Indians,Lucknow Super Giants,Mumbai Indians,field,Lucknow,Mumbai Indians
Punjab Kings,Mumbai Indians,Punjab Kings,field,Mumbai,Punjab Kings
Gujarat Titans,Punjab Kings,Gujarat Titans,bat,Mohali,Punjab Kings
Rajasthan Royals,Delhi Capitals,Delhi Capitals,bat,Jaipur,Delhi Capitals
Royal Challengers Bangalore,Rajasthan Royals,Royal Challengers Bangalore,field,Jaipur,Royal Challengers Bangalore
Sunrisers Hyderabad,Rajasthan Royals,Sunrisers Hyderabad,bat,Jaipur,Rajasthan Royals
Mumbai Indians,Delhi Capitals,Mumbai Indians,bat,Delhi,Mumbai Indians
Rajasthan Royals,Mumbai Indians,Mumbai Indians,bat,Mumbai,Mumbai Indians
Delhi Capitals,Kolkata Knight Riders,Kolkata Knight Riders,bat,Delhi,Delhi Capitals
Royal Challengers Bangalore,Kolkata Knight Riders,Kolkata Knight Riders,field,Kolkata,Kolkata Knight Riders
Royal Challengers Bangalore,Chennai Super Kings,Royal Challengers Bangalore,bat,Chennai,Chennai Super Kings
Sunrisers Hyderabad,Punjab Kings,Punjab Kings,field,Hyderabad,Punjab Kings
Royal Challengers Bangalore,Punjab Kings,Royal Challengers Bangalore,field,Mohali,Royal Challengers Bangalore
Rajasthan Royals,Lucknow Super Giants,Rajasthan Royals,field,Jaipur,Rajasthan Royals
Rajasthan Royals,Delhi Capitals,Delhi Capitals,field,Delhi,Delhi Capitals
Mumbai Indians,Lucknow Super Giants,Lucknow Super Giants,bat,Lucknow,Mumbai Indians
Gujarat Titans,Punjab Kings,Punjab Kings,bat,Mohali,Punjab Kings
Rajasthan Royals,Royal Challengers Bangalore,Rajasthan Royals,field,Jaipur,Rajasthan Royals
Gujarat Titans,Chennai Super Kings,Gujarat Titans,bat,Ahmedabad,Chennai Super Kings
Mumbai Indians,Sunrisers Hyderabad,Mumbai Indians,field,Hyderabad,Mumbai Indians
Chennai Super Kings,Sunrisers Hyderabad,Sunrisers Hyderabad,field,Hyderabad,Sunrisers Hyderabad
Delhi Capitals,Royal Challengers Bangalore,Royal Challengers Bangalore,bat,Bangalore,Delhi Capitals
Sunrisers Hyderabad,Chennai Super Kings,Chennai Super Kings,field,Chennai,Chennai Super Kings
Lucknow Super Giants,Gujarat Titans,Gujarat Titans,bat,Ahmedabad,Lucknow Super Giants
Kolkata Knight Riders,Sunrisers Hyderabad,Kolkata Knight Riders,bat,Hyderabad,Sunrisers Hyderabad
Chennai Super Kings,Rajasthan Royals,Chennai Super Kings,bat,Jaipur,Chennai Super Kings
Gujarat Titans,Lucknow Super Giants,Lucknow Super Giants,field,Ahmedabad,Gujarat Titans
Punjab Kings,Lucknow Super Giants,Punjab Kings,bat,Mohali,Punjab Kings
Chennai Super Kings,Royal Challengers Bangalore,Royal Challengers Bangalore,field,Chennai,Royal Challengers Bangalore
Kolkata Knight Riders,Gujarat Titans,Gujarat Titans,field,Ahmedabad,Gujarat Titans
Lucknow Super Giants,Kolkata Knight Riders,Kolkata Knight Riders,bat,Kolkata,Kolkata Knight Riders
Mumbai Indians,Delhi Capitals,Mumbai Indians,bat,Mumbai,Mumbai Indians
Rajasthan Royals,Kolkata Knight Riders,Rajasthan Royals,field,Jaipur,Rajasthan Royals
Kolkata Knight Riders,Gujarat Titans,Gujarat Titans,bat,Ahmedabad,Kolkata Knight Riders
Royal Challengers Bangalore,Sunrisers Hyderabad,Sunrisers Hyderabad,field,Bangalore,Royal Challengers Bangalore
Mumbai Indians,Royal Challengers Bangalore,Royal Challengers Bangalore,bat,Bangalore,Royal Challengers Bangalore
Delhi Capitals,Kolkata Knight Riders,Delhi Capitals,bat,Delhi,Delhi Capitals
Royal Challengers Bangalore,Kolkata Knight Riders,Royal Challengers Bangalore,field,Kolkata,Kolkata Knight Riders
Kolkata Knight Riders,Delhi Capitals,Delhi Capitals,bat,Delhi,Kolkata Knight Riders
Rajasthan Royals,Delhi Capitals,Delhi Capitals,field,Jaipur,Rajasthan Royals
Kolkata Knight Riders,Royal Challengers Bangalore,Kolkata Knight Riders,field,Bangalore,Royal Challengers Bangalore
Chennai Super Kings,Gujarat Titans,Chennai Super Kings,bat,Chennai,Chennai Super Kings
Rajasthan Royals,Royal Challengers Bangalore,Rajasthan Royals,bat,Jaipur,Rajasthan Royals
Mumbai Indians,Punjab Kings,Punjab Kings,field,Mumbai,Punjab Kings
Mumbai Indians,Delhi Capitals,Mumbai Indians,field,Mumbai,Delhi Capitals
Lucknow Super Giants,Rajasthan Royals,Lucknow Super Giants,bat,Lucknow,Lucknow Super Giants
Lucknow Super Giants,Royal Challengers Bangalore,Lucknow Super Giants,field,Bangalore,Royal Challengers Bangalore
Lucknow Super Giants,Rajasthan Royals,Lucknow Super Giants,field,Jaipur,Rajasthan Royals
Punjab Kings,Kolkata Knight Riders,Punjab Kings,field,Mohali,Punjab Kings
Royal Challengers Bangalore,Lucknow Super Giants,Royal Challengers Bangalore,bat,Bangalore,Royal Challengers Bangalore
Chennai Super Kings,Sunrisers Hyderabad,Sunrisers Hyderabad,bat,Chennai,Sunrisers Hyderabad
Mumbai Indians,Royal Challengers Bangalore,Royal Challengers Bangalore,bat,Bangalore,Mumbai Indians
Punjab Kings,Lucknow Super Giants,Lucknow Super Giants,field,Mohali,Punjab Kings
Kolkata Knight Riders,Rajasthan Royals,Kolkata Knight Riders,bat,Jaipur,Rajasthan Royals
Lucknow Super Giants,Punjab Kings,Punjab Kings,field,Mohali,Punjab Kings
Royal Challengers Bangalore,Kolkata Knight Riders,Royal Challengers Bangalore,field,Bangalore,Royal Challengers Bangalore
Chennai Super Kings,Mumbai Indians,Chennai Super Kings,bat,Chennai,Chennai Super Kings
Lucknow Super Giants,Punjab Kings,Punjab Kings,field,Lucknow,Punjab Kings
Rajasthan Royals,Chennai Super Kings,Chennai Super Kings,bat,Chennai,Chennai Super Kings
Mumbai Indians,Kolkata Knight Riders,Kolkata Knight Riders,bat,Kolkata,Kolkata Knight Riders
Delhi Capitals,Royal Challengers Bangalore,Royal Challengers Bangalore,bat,Delhi,Delhi Capitals
Rajasthan Royals,Chennai Super Kings,Chennai Super Kings,bat,Jaipur,Chennai Super Kings
Chennai Super Kings,Lucknow Super Giants,Lucknow Super Giants,field,Chennai,Chennai Super Kings
Gujarat Titans,Lucknow Super Giants,Lucknow Super Giants,bat,Lucknow,Lucknow Super Giants
Punjab Kings,Delhi Capitals,Punjab Kings,field,Mohali,Punjab Kings
Chennai Super Kings,Mumbai Indians,Chennai Super Kings,bat,Mumbai,Chennai Super Kings
Punjab Kings,Lucknow Super Giants,Punjab Kings,field,Lucknow,Lucknow Super Giants
Rajasthan Royals,Kolkata Knight Riders,Kolkata Knight Riders,field,Jaipur,Rajasthan Royals
Gujarat Titans,Delhi Capitals,Gujarat Titans,bat,Delhi,Gujarat Titans
Kolkata Knight Riders,Punjab Kings,Kolkata Knight Riders,bat,Mohali,Punjab Kings
Sunrisers Hyderabad,Delhi Capitals,Delhi Capitals,bat,Hyderabad,Sunrisers Hyderabad
Sunrisers Hyderabad,Rajasthan Royals,Sunrisers Hyderabad,bat,Hyderabad,Sunrisers Hyderabad
Lucknow Super Giants,Mumbai Indians,Mumbai Indians,bat,Lucknow,Mumbai Indians
Chennai Super Kings,Mumbai Indians,Chennai Super Kings,bat,Chennai,Chennai Super Kings
Lucknow Super Giants,Royal Challengers Bangalore,Royal Challengers Bangalore,field,Bangalore,Royal Challengers Bangalore
Chennai Super Kings,Rajasthan Royals,Rajasthan Royals,bat,Chennai,Chennai Super Kings
Royal Challengers Bangalore,Gujarat Titans,Royal Challengers Bangalore,bat,Bangalore,Royal Challengers Bangalore
Delhi Capitals,Kolkata Knight Riders,Delhi Capitals,bat,Kolkata,Kolkata Knight Riders
Delhi Capitals,Mumbai Indians,Mumbai Indians,field,Delhi,Delhi Capitals
Rajasthan Royals,Delhi Capitals,Delhi Capitals,bat,Jaipur,Rajasthan Royals
Rajasthan Royals,Mumbai Indians,Rajasthan Royals,field,Jaipur,Rajasthan Royals
Kolkata Knight Riders,Gujarat Titans,Gujarat Titans,field,Kolkata,Kolkata Knight Riders
Chennai Super Kings,Punjab Kings,Chennai Super Kings,bat,Chennai,Punjab Kings
Lucknow Super Giants,Kolkata Knight Riders,Kolkata Knight Riders,bat,Lucknow,Lucknow Super Giants
Delhi Capitals,Sunrisers Hyderabad,Sunrisers Hyderabad,field,Hyderabad,Sunrisers Hyderabad
Kolkata Knight Riders,Punjab Kings,Punjab Kings,field,Kolkata,Kolkata Knight Riders
Rajasthan Royals,Gujarat Titans,Gujarat Titans,bat,Jaipur,Gujarat Titans
Sunrisers Hyderabad,Lucknow Super Giants,Lucknow Super Giants,field,Hyderabad,Lucknow Super Giants
Royal Challengers Bangalore,Mumbai Indians,Royal Challengers Bangalore,bat,Mumbai,Mumbai Indians
Rajasthan Royals,Delhi Capitals,Delhi Capitals,bat,Delhi,Rajasthan Royals
Rajasthan Royals,Lucknow Super Giants,Lucknow Super Giants,bat,Lucknow,Rajasthan Royals
Punjab Kings,Kolkata Knight Riders,Kolkata Knight Riders,field,Mohali,Kolkata Knight Riders
Rajasthan Royals,Sunrisers Hyderabad,Sunrisers Hyderabad,bat,Hyderabad,Rajasthan Royals
Kolkata Knight Riders,Rajasthan Royals,Rajasthan Royals,bat,Jaipur,Kolkata Knight Riders
Mumbai Indians,Punjab Kings,Punjab Kings,field,Mohali,Mumbai Indians
Lucknow Super Giants,Sunrisers Hyderabad,Sunrisers Hyderabad,bat,Hyderabad,Lucknow Super Giants
Sunrisers Hyderabad,Lucknow Super Giants,Lucknow Super Giants,bat,Lucknow,Sunrisers Hyderabad
Lucknow Super Giants,Delhi Capitals,Lucknow Super Giants,bat,Lucknow,Delhi Capitals
Sunrisers Hyderabad,Rajasthan Royals,Sunrisers Hyderabad,field,Jaipur,Rajasthan Royals
Punjab Kings,Kolkata Knight Riders,Punjab Kings,field,Kolkata,Punjab Kings
Lucknow Super Giants,Kolkata Knight Riders,Kolkata Knight Riders,bat,Lucknow,Kolkata Knight Riders
Kolkata Knight Riders,Royal Challengers Bangalore,Royal Challengers Bangalore,field,Bangalore,Royal Challengers Bangalore
Royal Challengers Bangalore,Kolkata Knight Riders,Kolkata Knight Riders,field,Kolkata,Royal Challengers Bangalore
Lucknow Super Giants,Rajasthan Royals,Lucknow Super Giants,bat,Jaipur,Rajasthan Royals
Punjab Kings,Sunrisers Hyderabad,Punjab Kings,bat,Hyderabad,Sunrisers Hyderabad
Gujarat Titans,Punjab Kings,Gujarat Titans,bat,Mohali,Gujarat Titans
Lucknow Super Giants,Gujarat Titans,Lucknow Super Giants,field,Lucknow,Lucknow Super Giants
Punjab Kings,Gujarat Titans,Punjab Kings,field,Ahmedabad,Punjab Kings
Mumbai Indians,Royal Challengers Bangalore,Mumbai Indians,bat,Mumbai,Mumbai Indians
Rajasthan Royals,Sunrisers Hyderabad,Rajasthan Royals,bat,Jaipur,Rajasthan Royals
Royal Challengers Bangalore,Lucknow Super Giants,Royal Challengers Bangalore,bat,Bangalore,Lucknow Super Giants
Lucknow Super Giants,Kolkata Knight Riders,Lucknow Super Giants,field,Lucknow,Lucknow Super Giants
Gujarat Titans,Punjab Kings,Gujarat Titans,field,Mohali,Gujarat Titans
Gujarat Titans,Chennai Super Kings,Gujarat Titans,bat,Chennai,Chennai Super Kings
Sunrisers Hyderabad,Chennai Super Kings,Chennai Super Kings,bat,Hyderabad,Chennai Super Kings
Punjab Kings,Mumbai Indians,Punjab Kings,field,Mohali,Mumbai Indians
Lucknow Super Giants,Kolkata Knight Riders,Kolkata Knight Riders,bat,Kolkata,Kolkata Knight Riders
Mumbai Indians,Royal Challengers Bangalore,Mumbai Indians,field,Bangalore,Royal Challengers Bangalore
Chennai Super Kings,Delhi Capitals,Delhi Capitals,bat,Delhi,Delhi Capitals
Royal Challengers Bangalore,Punjab Kings,Royal Challengers Bangalore,field,Mohali,Punjab Kings
Kolkata Knight Riders,Lucknow Super Giants,Kolkata Knight Riders,bat,Kolkata,Lucknow Super Giants
Rajasthan Royals,Chennai Super Kings,Chennai Super Kings,field,Chennai,Chennai Super Kings
Chennai Super Kings,Royal Challengers Bangalore,Chennai Super Kings,bat,Bangalore,Royal Challengers Bangalore
Lucknow Super Giants,Chennai Super Kings,Lucknow Super Giants,field,Lucknow,Chennai Super Kings
Punjab Kings,Royal Challengers Bangalore,Punjab Kings,field,Mohali,Punjab Kings
Sunrisers Hyderabad,Lucknow Super Giants,Lucknow Super Giants,field,Hyderabad,Sunrisers Hyderabad
Lucknow Super Giants,Sunrisers Hyderabad,Lucknow Super Giants,bat,Lucknow,Sunrisers Hyderabad
Mumbai Indians,Kolkata Knight Riders,Mumbai Indians,field,Mumbai,Mumbai Indians
Delhi Capitals,Kolkata Knight Riders,Delhi Capitals,field,Kolkata,Kolkata Knight Riders
Punjab Kings,Sunrisers Hyderabad,Sunrisers Hyderabad,bat,Hyderabad,Punjab Kings
Mumbai Indians,Royal Challengers Bangalore,Mumbai Indians,bat,Mumbai,Royal Challengers Bangalore
Rajasthan Royals,Punjab Kings,Punjab Kings,field,Jaipur,Rajasthan Royals
Rajasthan Royals,Lucknow Super Giants,Rajasthan Royals,bat,Jaipur,Lucknow Super Giants
Gujarat Titans,Royal Challengers Bangalore,Gujarat Titans,field,Ahmedabad,Gujarat Titans
Lucknow Super Giants,Kolkata Knight Riders,Lucknow Super Giants,field,Lucknow,Kolkata Knight Riders
Royal Challengers Bangalore,Lucknow Super Giants,Lucknow Super Giants,field,Lucknow,Royal Challengers Bangalore
Delhi Capitals,Rajasthan Royals,Rajasthan Royals,bat,Delhi,Rajasthan Royals
Punjab Kings,Rajasthan Royals,Punjab Kings,bat,Jaipur,Punjab Kings
Punjab Kings,Chennai Super Kings,Chennai Super Kings,field,Mohali,Chennai Super Kings
Punjab Kings,Rajasthan Royals,Rajasthan Royals,bat,Jaipur,Rajasthan Royals
Mumbai Indians,Kolkata Knight Riders,Kolkata Knight Riders,bat,Mumbai,Kolkata Knight Riders
Chennai Super Kings,Punjab Kings,Punjab Kings,bat,Chennai,Chennai Super Kings
Kolkata Knight Riders,Mumbai Indians,Mumbai Indians,bat,Mumbai,Mumbai Indians
Delhi Capitals,Sunrisers Hyderabad,Sunrisers Hyderabad,bat,Delhi,Delhi Capitals
Royal Challengers Bangalore,Lucknow Super Giants,Lucknow Super Giants,bat,Lucknow,Lucknow Super Giants
Delhi Capitals,Sunrisers Hyderabad,Sunrisers Hyderabad,bat,Delhi,Sunrisers Hyderabad
Punjab Kings,Lucknow Super Giants,Lucknow Super Giants,field,Lucknow,Lucknow Super Giants
Kolkata Knight Riders,Lucknow Super Giants,Lucknow Super Giants,bat,Lucknow,Lucknow Super Giants
Kolkata Knight Riders,Rajasthan Royals,Kolkata Knight Riders,bat,Jaipur,Rajasthan Royals
Punjab Kings,Delhi Capitals,Delhi Capitals,field,Mohali,Delhi Capitals
Punjab Kings,Delhi Capitals,Delhi Capitals,bat,Delhi,Delhi Capitals
Kolkata Knight Riders,Delhi Capitals,Delhi Capitals,field,Delhi,Kolkata Knight Riders
Rajasthan Royals,Royal Challengers Bangalore,Royal Challengers Bangalore,field,Jaipur,Rajasthan Royals
Delhi Capitals,Kolkata Knight Riders,Delhi Capitals,field,Kolkata,Delhi Capitals
Mumbai Indians,Kolkata Knight Riders,Kolkata Knight Riders,bat,Mumbai,Mumbai Indians
Delhi Capitals,Royal Challengers Bangalore,Delhi Capitals,field,Delhi,Delhi Capitals
Delhi Capitals,Rajasthan Royals,Rajasthan Royals,field,Delhi,Rajasthan Royals
Chennai Super Kings,Royal Challengers Bangalore,Royal Challengers Bangalore,field,Bangalore,Royal Challengers Bangalore
Sunrisers Hyderabad,Kolkata Knight Riders,Sunrisers Hyderabad,field,Hyderabad,Sunrisers Hyderabad
Mumbai Indians,Delhi Capitals,Delhi Capitals,bat,Delhi,Delhi Capitals
Sunrisers Hyderabad,Punjab Kings,Sunrisers Hyderabad,bat,Hyderabad,Sunrisers Hyderabad
Royal Challengers Bangalore,Gujarat Titans,Gujarat Titans,field,Bangalore,Royal Challengers Bangalore
Royal Challengers Bangalore,Mumbai Indians,Royal Challengers Bangalore,field,Mumbai,Mumbai Indians
Lucknow Super Giants,Punjab Kings,Punjab Kings,bat,Lucknow,Punjab Kings
Rajasthan Royals,Gujarat Titans,Rajasthan Royals,field,Ahmedabad,Gujarat Titans
Punjab Kings,Kolkata Knight Riders,Punjab Kings,field,Kolkata,Punjab Kings
Sunrisers Hyderabad,Delhi Capitals,Delhi Capitals,bat,Hyderabad,Sunrisers Hyderabad
Kolkata Knight Riders,Chennai Super Kings,Kolkata Knight Riders,bat,Chennai,Chennai Super Kings
Punjab Kings,Gujarat Titans,Gujarat Titans,field,Ahmedabad,Gujarat Titans
Royal Challengers Bangalore,Sunrisers Hyderabad,Royal Challengers Bangalore,bat,Hyderabad,Sunrisers Hyderabad
Mumbai Indians,Sunrisers Hyderabad,Mumbai Indians,field,Hyderabad,Sunrisers Hyderabad
Rajasthan Royals,Chennai Super Kings,Rajasthan Royals,field,Chennai,Rajasthan Royals
Lucknow Super Giants,Kolkata Knight Riders,Kolkata Knight Riders,bat,Kolkata,Lucknow Super Giants
Rajasthan Royals,Delhi Capitals,Delhi Capitals,field,Delhi,Delhi Capitals
Royal Challengers Bangalore,Punjab Kings,Punjab Kings,field,Mohali,Punjab Kings
Gujarat Titans,Lucknow Super Giants,Lucknow Super Giants,bat,Lucknow,Lucknow Super Giants
Rajasthan Royals,Sunrisers Hyderabad,Rajasthan Royals,field,Jaipur,Sunrisers Hyderabad
Delhi Capitals,Gujarat Titans,Gujarat Titans,field,Delhi,Delhi Capitals
Kolkata Knight Riders,Royal Challengers Bangalore,Kolkata Knight Riders,field,Kolkata,Kolkata Knight Riders
Gujarat Titans,Chennai Super Kings,Gujarat Titans,bat,Chennai,Chennai Super Kings
Delhi Capitals,Lucknow Super Giants,Delhi Capitals,field,Delhi,Delhi Capitals
Kolkata Knight Riders,Chennai Super Kings,Kolkata Knight Riders,bat,Chennai,Kolkata Knight Riders
Rajasthan Royals,Gujarat Titans,Gujarat Titans,field,Ahmedabad,Gujarat Titans
Chennai Super Kings,Gujarat Titans,Chennai Super Kings,field,Chennai,Gujarat Titans
Punjab Kings,Kolkata Knight Riders,Punjab Kings,bat,Kolkata,Kolkata Knight Riders
Gujarat Titans,Chennai Super Kings,Chennai Super Kings,bat,Chennai,Chennai Super Kings
Chennai Super Kings,Delhi Capitals,Chennai Super Kings,field,Delhi,Delhi Capitals
Gujarat Titans,Delhi Capitals,Delhi Capitals,bat,Delhi,Delhi Capitals
Punjab Kings,Lucknow Super Giants,Lucknow Super Giants,field,Lucknow,Lucknow Super Giants
Lucknow Super Giants,Punjab Kings,Lucknow Super Giants,bat,Mohali,Punjab Kings
Gujarat Titans,Mumbai Indians,Mumbai Indians,field,Ahmedabad,Gujarat Titans
Rajasthan Royals,Royal Challengers Bangalore,Royal Challengers Bangalore,bat,Jaipur,Royal Challengers Bangalore
Chennai Super Kings,Mumbai Indians,Mumbai Indians,field,Chennai,Chennai Super Kings
Lucknow Super Giants,Mumbai Indians,Lucknow Super Giants,field,Lucknow,Lucknow Super Giants
Lucknow Super Giants,Mumbai Indians,Mumbai Indians,field,Lucknow,Mumbai Indians
Mumbai Indians,Delhi Capitals,Mumbai Indians,bat,Delhi,Mumbai Indians
Royal Challengers Bangalore,Kolkata Knight Riders,Royal Challengers Bangalore,bat,Bangalore,Royal Challengers Bangalore
Gujarat Titans,Royal Challengers Bangalore,Gujarat Titans,bat,Ahmedabad,Gujarat Titans
Delhi Capitals,Chennai Super Kings,Chennai Super Kings,bat,Delhi,Chennai Super Kings
Delhi Capitals,Sunrisers Hyderabad,Sunrisers Hyderabad,field,Hyderabad,Sunrisers Hyderabad
Punjab Kings,Sunrisers Hyderabad,Punjab Kings,bat,Mohali,Punjab Kings
Kolkata Knight Riders,Gujarat Titans,Gujarat Titans,bat,Kolkata,Gujarat Titans
Sunrisers Hyderabad,Royal Challengers Bangalore,Sunrisers Hyderabad,field,Bangalore,Sunrisers Hyderabad
Mumbai Indians,Gujarat Titans,Gujarat Titans,field,Ahmedabad,Gujarat Titans
Punjab Kings,Rajasthan Royals,Punjab Kings,bat,Mohali,Punjab Kings
Gujarat Titans,Mumbai Indians,Gujarat Titans,bat,Mumbai,Mumbai Indians
Royal Challengers Bangalore,Gujarat Titans,Gujarat Titans,field,Bangalore,Royal Challengers Bangalore
Sunrisers Hyderabad,Chennai Super Kings,Chennai Super Kings,field,Hyderabad,Chennai Super Kings
Royal Challengers Bangalore,Kolkata Knight Riders,Royal Challengers Bangalore,field,Kolkata,Kolkata Knight Riders
Lucknow Super Giants,Rajasthan Royals,Lucknow Super Giants,field,Lucknow,Lucknow Super Giants
Delhi Capitals,Rajasthan Royals,Rajasthan Royals,bat,Delhi,Delhi Capitals
Sunrisers Hyderabad,Chennai Super Kings,Chennai Super Kings,field,Chennai,Chennai Super Kings
Mumbai Indians,Punjab Kings,Mumbai Indians,field,Mohali,Punjab Kings
Chennai Super Kings,Lucknow Super Giants,Chennai Super Kings,bat,Lucknow,Lucknow Super Giants
Rajasthan Royals,Lucknow Super Giants,Rajasthan Royals,bat,Lucknow,Lucknow Super Giants
Lucknow Super Giants,Kolkata Knight Riders,Lucknow Super Giants,field,Kolkata,Lucknow Super Giants
Gujarat Titans,Kolkata Knight Riders,Kolkata Knight Riders,field,Kolkata,Gujarat Titans
Chennai Super Kings,Delhi Capitals,Delhi Capitals,field,Chennai,Chennai Super Kings
Delhi Capitals,Mumbai Indians,Delhi Capitals,bat,Delhi,Mumbai Indians
Delhi Capitals,Royal Challengers Bangalore,Delhi Capitals,bat,Delhi,Royal Challengers Bangalore
Delhi Capitals,Gujarat Titans,Gujarat Titans,field,Delhi,Gujarat Titans
Chennai Super Kings,Punjab Kings,Chennai Super Kings,field,Chennai,Chennai Super Kings
Gujarat Titans,Royal Challengers Bangalore,Royal Challengers Bangalore,field,Ahmedabad,Gujarat Titans
Delhi Capitals,Mumbai Indians,Delhi Capitals,field,Mumbai,Mumbai Indians
Kolkata Knight Riders,Chennai Super Kings,Chennai Super Kings,bat,Kolkata,Kolkata Knight Riders
Chennai Super Kings,Mumbai Indians,Mumbai Indians,bat,Chennai,Chennai Super Kings
Punjab Kings,Royal Challengers Bangalore,Royal Challengers Bangalore,field,Mohali,Punjab Kings
Royal Challengers Bangalore,Mumbai Indians,Royal Challengers Bangalore,field,Bangalore,Mumbai Indians
Delhi Capitals,Royal Challengers Bangalore,Royal Challengers Bangalore,field,Bangalore,Delhi Capitals
Royal Challengers Bangalore,Sunrisers Hyderabad,Sunrisers Hyderabad,bat,Hyderabad,Sunrisers Hyderabad
Gujarat Titans,Royal Challengers Bangalore,Gujarat Titans,bat,Ahmedabad,Gujarat Titans
Kolkata Knight Riders,Royal Challengers Bangalore,Royal Challengers Bangalore,field,Kolkata,Royal Challengers Bangalore
Lucknow Super Giants,Gujarat Titans,Gujarat Titans,bat,Ahmedabad,Gujarat Titans
Gujarat Titans,Mumbai Indians,Gujarat Titans,field,Ahmedabad,Gujarat Titans
Royal Challengers Bangalore,Mumbai Indians,Royal Challengers Bangalore,field,Bangalore,Royal Challengers Bangalore
Lucknow Super Giants,Punjab Kings,Lucknow Super Giants,field,Lucknow,Punjab Kings
Sunrisers Hyderabad,Rajasthan Royals,Rajasthan Royals,bat,Jaipur,Sunrisers Hyderabad
Gujarat Titans,Lucknow Super Giants,Lucknow Super Giants,field,Ahmedabad,Lucknow Super Giants
Rajasthan Royals,Punjab Kings,Rajasthan Royals,field,Jaipur,Rajasthan Royals
Gujarat Titans,Lucknow Super Giants,Lucknow Super Giants,bat,Ahmedabad,Lucknow Super Giants
Mumbai Indians,Delhi Capitals,Mumbai Indians,field,Delhi,Mumbai Indians
Punjab Kings,Rajasthan Royals,Punjab Kings,bat,Mohali,Rajasthan Royals
Sunrisers Hyderabad,Punjab Kings,Punjab Kings,field,Mohali,Sunrisers Hyderabad
Mumbai Indians,Sunrisers Hyderabad,Sunrisers Hyderabad,field,Hyderabad,Mumbai Indians
Mumbai Indians,Royal Challengers Bangalore,Mumbai Indians,field,Bangalore,Mumbai Indians
Lucknow Super Giants,Delhi Capitals,Lucknow Super Giants,field,Delhi,Delhi Capitals
Delhi Capitals,Royal Challengers Bangalore,Delhi Capitals,field,Delhi,Royal Challengers Bangalore
Chennai Super Kings,Sunrisers Hyderabad,Sunrisers Hyderabad,field,Chennai,Chennai Super Kings
Delhi Capitals,Sunrisers Hyderabad,Delhi Capitals,bat,Hyderabad,Sunrisers Hyderabad
Chennai Super Kings,Sunrisers Hyderabad,Chennai Super Kings,field,Hyderabad,Sunrisers Hyderabad
Gujarat Titans,Lucknow Super Giants,Gujarat Titans,field,Lucknow,Gujarat Titans
Chennai Super Kings,Kolkata Knight Riders,Kolkata Knight Riders,bat,Chennai,Chennai Super Kings
Delhi Capitals,Punjab Kings,Punjab Kings,field,Delhi,Delhi Capitals
Lucknow Super Giants,Chennai Super Kings,Chennai Super Kings,field,Lucknow,Lucknow Super Giants
Royal Challengers Bangalore,Rajasthan Royals,Rajasthan Royals,field,Bangalore,Royal Challengers Bangalore
Chennai Super Kings,Delhi Capitals,Delhi Capitals,bat,Delhi,Chennai Super Kings
Royal Challengers Bangalore,Rajasthan Royals,Royal Challengers Bangalore,field,Jaipur,Royal Challengers Bangalore
Gujarat Titans,Lucknow Super Giants,Gujarat Titans,field,Ahmedabad,Gujarat Titans
Gujarat Titans,Royal Challengers Bangalore,Gujarat Titans,bat,Ahmedabad,Royal Challengers Bangalore
Chennai Super Kings,Gujarat Titans,Chennai Super Kings,bat,Ahmedabad,Gujarat Titans
Royal Challengers Bangalore,Delhi Capitals,Royal Challengers Bangalore,field,Delhi,Royal Challengers Bangalore
Chennai Super Kings,Royal Challengers Bangalore,Royal Challengers Bangalore,bat,Chennai,Royal Challengers Bangalore
Mumbai Indians,Rajasthan Royals,Mumbai Indians,field,Mumbai,Rajasthan Royals
Punjab Kings,Sunrisers Hyderabad,Sunrisers Hyderabad,field,Mohali,Punjab Kings
Punjab Kings,Chennai Super Kings,Punjab Kings,bat,Chennai,Chennai Super Kings
Rajasthan Royals,Kolkata Knight Riders,Kolkata Knight Riders,field,Jaipur,Kolkata Knight Riders
Delhi Capitals,Punjab Kings,Delhi Capitals,bat,Delhi,Delhi Capitals
Rajasthan Royals,Punjab Kings,Rajasthan Royals,field,Mohali,Rajasthan Royals
Rajasthan Royals,Delhi Capitals,Rajasthan Royals,field,Delhi,Delhi Capitals
Rajasthan Royals,Chennai Super Kings,Rajasthan Royals,field,Jaipur,Chennai Super Kings
